apontamento_id,linha,turno,data,tempo_disponivel_min,tempo_parada_min,tempo_producao_min,pecas_produzidas,pecas_boas,pecas_refugo,disponibilidade,performance,qualidade,oee
AP-000001,L02,A,2026-01-30,480,71,409,607,578,29,0.8521,0.775,0.9522,0.6288
AP-000002,L02,A,2026-03-12,480,1,479,628,620,8,0.9979,0.9491,0.9873,0.9351
AP-000003,L06,A,2026-02-06,480,105,375,532,512,20,0.7812,0.8117,0.9624,0.6103
AP-000004,L01,A,2026-01-10,480,74,406,615,600,15,0.8458,0.7776,0.9756,0.6416
AP-000005,L03,A,2026-04-16,480,25,455,772,715,57,0.9479,0.9428,0.9262,0.8277
AP-000006,L04,C,2026-02-04,480,5,475,617,607,10,0.9896,0.7152,0.9838,0.6963
AP-000007,L02,B,2026-02-13,480,50,430,563,544,19,0.8958,0.7088,0.9663,0.6135
AP-000008,L02,A,2026-06-03,480,27,453,537,510,27,0.9437,0.7825,0.9497,0.7013
AP-000009,L04,B,2026-02-14,480,78,402,705,680,25,0.8375,0.8851,0.9645,0.715
AP-000010,L04,A,2026-06-22,480,112,368,595,551,44,0.7667,0.8437,0.9261,0.5991
AP-000011,L02,C,2026-03-31,480,53,427,584,569,15,0.8896,0.8928,0.9743,0.7738
AP-000012,L06,B,2026-06-28,480,102,378,673,665,8,0.7875,0.9385,0.9881,0.7303
AP-000013,L05,C,2026-05-02,480,61,419,743,701,42,0.8729,0.9344,0.9435,0.7696
AP-000014,L05,A,2026-06-20,480,41,439,594,547,47,0.9146,0.7811,0.9209,0.6579
AP-000015,L05,B,2026-03-27,480,3,477,553,547,6,0.9938,0.7176,0.9892,0.7054
AP-000016,L01,A,2026-01-30,480,98,382,744,735,9,0.7958,0.9999,0.9879,0.7861
AP-000017,L06,A,2026-05-22,480,84,396,489,477,12,0.825,0.78,0.9755,0.6277
AP-000018,L04,B,2026-04-15,480,97,383,523,517,6,0.7979,0.8727,0.9885,0.6883
AP-000019,L06,C,2026-01-13,480,119,361,412,396,16,0.7521,0.7528,0.9612,0.5442
AP-000020,L05,C,2026-06-23,480,45,435,600,581,19,0.9062,0.7085,0.9683,0.6217
AP-000021,L04,C,2026-02-09,480,18,462,879,860,19,0.9625,0.9845,0.9784,0.9271
AP-000022,L02,C,2026-05-31,480,39,441,566,524,42,0.9187,0.8471,0.9258,0.7205
AP-000023,L05,A,2026-02-14,480,28,452,523,481,42,0.9417,0.8579,0.9197,0.743
AP-000024,L03,A,2026-04-24,480,103,377,443,413,30,0.7854,0.8022,0.9323,0.5874
AP-000025,L01,C,2026-01-22,480,2,478,621,611,10,0.9958,0.876,0.9839,0.8583
AP-000026,L06,B,2026-05-11,480,110,370,627,593,34,0.7708,0.9882,0.9458,0.7204
AP-000027,L02,C,2026-04-16,480,75,405,464,437,27,0.8438,0.801,0.9418,0.6365
AP-000028,L02,C,2026-05-24,480,55,425,839,810,29,0.8854,0.9882,0.9654,0.8447
AP-000029,L05,A,2026-04-10,480,71,409,759,710,49,0.8521,0.9361,0.9354,0.7461
AP-000030,L02,C,2026-05-11,480,48,432,655,616,39,0.9,0.9202,0.9405,0.7789
AP-000031,L05,A,2026-03-22,480,0,480,758,750,8,1.0,0.8175,0.9894,0.8088
AP-000032,L05,A,2026-06-03,480,23,457,714,697,17,0.9521,0.7955,0.9762,0.7394
AP-000033,L03,C,2026-04-16,480,81,399,564,538,26,0.8313,0.7312,0.9539,0.5798
AP-000034,L06,A,2026-03-29,480,9,471,599,564,35,0.9812,0.804,0.9416,0.7428
AP-000035,L01,B,2026-04-03,480,105,375,689,650,39,0.7812,0.9188,0.9434,0.6771
AP-000036,L01,C,2026-01-24,480,26,454,652,615,37,0.9458,0.908,0.9433,0.8101
AP-000037,L02,B,2026-03-26,480,0,480,541,525,16,1.0,0.8158,0.9704,0.7917
AP-000038,L04,C,2026-04-16,480,63,417,582,550,32,0.8688,0.8054,0.945,0.6612
AP-000039,L01,B,2026-02-25,480,83,397,465,430,35,0.8271,0.7488,0.9247,0.5727
AP-000040,L03,A,2026-05-30,480,2,478,620,574,46,0.9958,0.7783,0.9258,0.7175
AP-000041,L01,B,2026-04-04,480,113,367,476,440,36,0.7646,0.7483,0.9244,0.5289
AP-000042,L04,C,2026-04-16,480,76,404,775,751,24,0.8417,0.968,0.969,0.7895
AP-000043,L01,B,2026-06-21,480,21,459,872,811,61,0.9563,0.9669,0.93,0.8599
AP-000044,L06,C,2026-05-18,480,26,454,572,548,24,0.9458,0.8228,0.958,0.7455
AP-000045,L04,C,2026-03-19,480,33,447,576,533,43,0.9313,0.7892,0.9253,0.6801
AP-000046,L04,A,2026-02-08,480,70,410,565,534,31,0.8542,0.7461,0.9451,0.6023
AP-000047,L01,A,2026-01-10,480,37,443,779,727,52,0.9229,0.8801,0.9332,0.758
AP-000048,L01,B,2026-04-14,480,21,459,722,668,54,0.9563,0.7875,0.9252,0.6968
AP-000049,L03,A,2026-02-14,480,100,380,559,549,10,0.7917,0.8413,0.9821,0.6541
AP-000050,L04,B,2026-02-21,480,82,398,617,583,34,0.8292,0.8163,0.9449,0.6396
AP-000051,L03,A,2026-05-20,480,23,457,586,557,29,0.9521,0.7134,0.9505,0.6456
AP-000052,L06,C,2026-06-10,480,107,373,524,487,37,0.7771,0.8693,0.9294,0.6278
AP-000053,L04,C,2026-01-11,480,12,468,596,582,14,0.975,0.9004,0.9765,0.8573
AP-000054,L05,B,2026-01-20,480,29,451,620,587,33,0.9396,0.7183,0.9468,0.639
AP-000055,L03,A,2026-06-11,480,68,412,658,616,42,0.8583,0.8718,0.9362,0.7005
AP-000056,L05,C,2026-02-02,480,50,430,499,490,9,0.8958,0.8506,0.982,0.7483
AP-000057,L02,A,2026-04-20,480,79,401,437,425,12,0.8354,0.7361,0.9725,0.598
AP-000058,L06,B,2026-06-09,480,27,453,512,486,26,0.9437,0.7379,0.9492,0.661
AP-000059,L03,C,2026-03-01,480,25,455,677,651,26,0.9479,0.7444,0.9616,0.6785
AP-000060,L05,B,2026-04-01,480,117,363,369,353,16,0.7562,0.7261,0.9566,0.5252
AP-000061,L01,C,2026-03-20,480,109,371,513,504,9,0.7729,0.8559,0.9825,0.6499
AP-000062,L04,A,2026-05-02,480,79,401,669,635,34,0.8354,0.8568,0.9492,0.6794
AP-000063,L01,A,2026-03-03,480,18,462,782,760,22,0.9625,0.8764,0.9719,0.8198
AP-000064,L03,B,2026-05-29,480,72,408,547,536,11,0.85,0.9357,0.9799,0.7794
AP-000065,L04,A,2026-04-28,480,33,447,694,666,28,0.9313,0.8964,0.9597,0.8012
AP-000066,L06,C,2026-01-11,480,22,458,607,584,23,0.9542,0.8209,0.9621,0.7536
AP-000067,L06,A,2026-04-03,480,51,429,480,471,9,0.8938,0.8187,0.9812,0.718
AP-000068,L01,B,2026-05-20,480,6,474,848,833,15,0.9875,0.9763,0.9823,0.947
AP-000069,L06,C,2026-01-17,480,104,376,492,481,11,0.7833,0.7933,0.9776,0.6075
AP-000070,L04,B,2026-06-22,480,12,468,542,535,7,0.975,0.7403,0.9871,0.7125
AP-000071,L04,A,2026-04-06,480,34,446,694,642,52,0.9292,0.8815,0.9251,0.7577
AP-000072,L03,A,2026-04-16,480,116,364,593,577,16,0.7583,0.9223,0.973,0.6805
AP-000073,L04,A,2026-05-21,480,65,415,448,434,14,0.8646,0.7197,0.9688,0.6028
AP-000074,L02,A,2026-03-07,480,99,381,691,637,54,0.7937,0.9638,0.9219,0.7052
AP-000075,L03,C,2026-04-19,480,107,373,399,379,20,0.7771,0.7748,0.9499,0.5719
AP-000076,L04,C,2026-02-21,480,25,455,596,567,29,0.9479,0.8105,0.9513,0.7309
AP-000077,L04,C,2026-01-17,480,118,362,474,444,30,0.7542,0.9044,0.9367,0.6389
AP-000078,L05,B,2026-04-13,480,57,423,633,603,30,0.8812,0.9882,0.9526,0.8295
AP-000079,L06,A,2026-06-27,480,44,436,622,583,39,0.9083,0.9513,0.9373,0.8099
AP-000080,L05,A,2026-03-04,480,36,444,489,455,34,0.925,0.816,0.9305,0.7023
AP-000081,L03,C,2026-04-27,480,109,371,519,502,17,0.7729,0.8942,0.9672,0.6685
AP-000082,L06,A,2026-03-28,480,52,428,564,549,15,0.8917,0.706,0.9734,0.6128
AP-000083,L01,A,2026-01-16,480,60,420,550,529,21,0.875,0.8942,0.9618,0.7525
AP-000084,L06,C,2026-03-24,480,32,448,829,780,49,0.9333,0.9415,0.9409,0.8268
AP-000085,L04,B,2026-04-07,480,35,445,768,752,16,0.9271,0.9686,0.9792,0.8793
AP-000086,L05,B,2026-06-02,480,27,453,650,621,29,0.9437,0.7906,0.9554,0.7128
AP-000087,L03,C,2026-04-24,480,74,406,408,403,5,0.8458,0.7022,0.9877,0.5866
AP-000088,L01,B,2026-03-04,480,82,398,690,649,41,0.8292,0.8827,0.9406,0.6885
AP-000089,L03,B,2026-06-26,480,8,472,791,763,28,0.9833,0.9965,0.9646,0.9452
AP-000090,L02,A,2026-03-11,480,83,397,495,473,22,0.8271,0.7565,0.9556,0.5979
AP-000091,L02,C,2026-01-13,480,103,377,608,572,36,0.7854,0.8212,0.9408,0.6068
AP-000092,L04,B,2026-01-20,480,3,477,881,826,55,0.9938,0.9992,0.9376,0.931
AP-000093,L02,B,2026-05-01,480,49,431,515,509,6,0.8979,0.8749,0.9883,0.7764
AP-000094,L04,C,2026-05-30,480,92,388,550,530,20,0.8083,0.9059,0.9636,0.7056
AP-000095,L06,C,2026-05-05,480,45,435,641,597,44,0.9062,0.7901,0.9314,0.6669
AP-000096,L03,C,2026-05-23,480,23,457,544,505,39,0.9521,0.7293,0.9283,0.6446
AP-000097,L06,B,2026-01-11,480,103,377,671,625,46,0.7854,0.9289,0.9314,0.6795
AP-000098,L03,B,2026-06-23,480,83,397,431,403,28,0.8271,0.7667,0.935,0.5929
AP-000099,L04,A,2026-03-09,480,100,380,519,498,21,0.7917,0.8115,0.9595,0.6164
AP-000100,L05,A,2026-01-07,480,60,420,557,535,22,0.875,0.9599,0.9605,0.8067
AP-000101,L04,C,2026-01-09,480,60,420,547,536,11,0.875,0.8501,0.9799,0.7289
AP-000102,L02,A,2026-01-31,480,38,442,559,547,12,0.9208,0.7162,0.9785,0.6453
AP-000103,L04,A,2026-02-04,480,43,437,769,755,14,0.9104,0.9962,0.9818,0.8904
AP-000104,L06,A,2026-04-22,480,40,440,623,594,29,0.9167,0.9337,0.9535,0.8161
AP-000105,L02,A,2026-02-06,480,40,440,631,600,31,0.9167,0.7174,0.9509,0.6254
AP-000106,L01,A,2026-02-19,480,73,407,517,503,14,0.8479,0.8469,0.9729,0.6986
AP-000107,L04,B,2026-01-05,480,78,402,638,604,34,0.8375,0.89,0.9467,0.7056
AP-000108,L01,B,2026-01-05,480,0,480,564,547,17,1.0,0.8601,0.9699,0.8342
AP-000109,L06,C,2026-05-04,480,96,384,547,529,18,0.8,0.7572,0.9671,0.5858
AP-000110,L02,A,2026-03-01,480,31,449,638,602,36,0.9354,0.9081,0.9436,0.8015
AP-000111,L01,B,2026-05-23,480,49,431,705,656,49,0.8979,0.8766,0.9305,0.7324
AP-000112,L03,B,2026-04-09,480,37,443,739,710,29,0.9229,0.9183,0.9608,0.8143
AP-000113,L03,A,2026-01-07,480,113,367,432,424,8,0.7646,0.8028,0.9815,0.6025
AP-000114,L02,A,2026-02-11,480,21,459,566,529,37,0.9563,0.7057,0.9346,0.6307
AP-000115,L03,C,2026-03-20,480,93,387,458,426,32,0.8063,0.8769,0.9301,0.6576
AP-000116,L05,C,2026-01-04,480,83,397,440,424,16,0.8271,0.8126,0.9636,0.6476
AP-000117,L06,A,2026-01-13,480,6,474,930,898,32,0.9875,0.9984,0.9656,0.952
AP-000118,L05,B,2026-02-08,480,6,474,567,536,31,0.9875,0.825,0.9453,0.7701
AP-000119,L01,B,2026-04-17,480,60,420,474,458,16,0.875,0.7616,0.9662,0.6439
AP-000120,L05,C,2026-04-23,480,53,427,550,516,34,0.8896,0.8987,0.9382,0.7501
AP-000121,L06,C,2026-03-24,480,17,463,776,719,57,0.9646,0.9492,0.9265,0.8483
AP-000122,L02,C,2026-03-07,480,15,465,557,516,41,0.9688,0.7342,0.9264,0.6589
AP-000123,L03,C,2026-04-27,480,25,455,691,682,9,0.9479,0.9494,0.987,0.8882
AP-000124,L02,C,2026-01-12,480,52,428,522,500,22,0.8917,0.7481,0.9579,0.639
AP-000125,L06,A,2026-05-12,480,119,361,528,485,43,0.7521,0.7992,0.9186,0.5522
AP-000126,L02,A,2026-05-02,480,116,364,501,484,17,0.7583,0.9506,0.9661,0.6964
AP-000127,L03,C,2026-04-09,480,99,381,513,497,16,0.7937,0.7225,0.9688,0.5556
AP-000128,L04,A,2026-04-02,480,29,451,816,767,49,0.9396,0.9966,0.94,0.8802
AP-000129,L03,C,2026-01-17,480,12,468,682,668,14,0.975,0.9622,0.9795,0.9189
AP-000130,L01,A,2026-05-21,480,40,440,723,669,54,0.9167,0.9216,0.9253,0.7817
AP-000131,L03,B,2026-05-29,480,109,371,489,455,34,0.7729,0.899,0.9305,0.6465
AP-000132,L03,A,2026-05-04,480,79,401,624,578,46,0.8354,0.9635,0.9263,0.7456
AP-000133,L04,C,2026-05-19,480,14,466,668,635,33,0.9708,0.8201,0.9506,0.7568
AP-000134,L02,A,2026-03-05,480,108,372,641,618,23,0.775,0.94,0.9641,0.7023
AP-000135,L01,B,2026-06-01,480,16,464,638,624,14,0.9667,0.9945,0.9781,0.9403
AP-000136,L04,A,2026-02-15,480,116,364,599,574,25,0.7583,0.8448,0.9583,0.6139
AP-000137,L06,C,2026-04-04,480,78,402,650,625,25,0.8375,0.9337,0.9615,0.7519
AP-000138,L04,B,2026-01-02,480,114,366,453,432,21,0.7625,0.8449,0.9536,0.6143
AP-000139,L06,C,2026-04-09,480,5,475,517,487,30,0.9896,0.7785,0.942,0.7257
AP-000140,L06,B,2026-05-01,480,67,413,732,684,48,0.8604,0.9171,0.9344,0.7373
AP-000141,L04,C,2026-04-12,480,66,414,706,680,26,0.8625,0.9065,0.9632,0.7531
AP-000142,L06,B,2026-03-18,480,93,387,517,499,18,0.8063,0.8446,0.9652,0.6573
AP-000143,L01,C,2026-03-27,480,19,461,854,822,32,0.9604,0.9676,0.9625,0.8944
AP-000144,L04,A,2026-03-10,480,119,361,461,439,22,0.7521,0.8517,0.9523,0.61
AP-000145,L03,A,2026-06-12,480,9,471,693,653,40,0.9812,0.7962,0.9423,0.7362
AP-000146,L02,A,2026-03-03,480,64,416,563,532,31,0.8667,0.8651,0.9449,0.7085
AP-000147,L04,B,2026-04-29,480,58,422,714,679,35,0.8792,0.9404,0.951,0.7863
AP-000148,L01,A,2026-06-27,480,40,440,634,616,18,0.9167,0.9942,0.9716,0.8855
AP-000149,L01,C,2026-03-08,480,51,429,538,515,23,0.8938,0.7107,0.9572,0.608
AP-000150,L02,C,2026-04-15,480,79,401,634,605,29,0.8354,0.7914,0.9543,0.6309
AP-000151,L01,A,2026-05-31,480,85,395,706,667,39,0.8229,0.9851,0.9448,0.7659
AP-000152,L05,B,2026-01-22,480,108,372,540,525,15,0.775,0.7996,0.9722,0.6025
AP-000153,L06,A,2026-04-11,480,91,389,610,566,44,0.8104,0.9148,0.9279,0.6879
AP-000154,L03,C,2026-03-10,480,0,480,651,627,24,1.0,0.8065,0.9631,0.7767
AP-000155,L02,B,2026-02-06,480,66,414,647,597,50,0.8625,0.9106,0.9227,0.7247
AP-000156,L02,A,2026-06-03,480,17,463,598,575,23,0.9646,0.7321,0.9615,0.679
AP-000157,L02,C,2026-06-17,480,119,361,483,472,11,0.7521,0.7647,0.9772,0.562
AP-000158,L06,C,2026-01-20,480,43,437,580,535,45,0.9104,0.9271,0.9224,0.7785
AP-000159,L06,C,2026-01-01,480,75,405,547,520,27,0.8438,0.9316,0.9506,0.7473
AP-000160,L06,A,2026-03-27,480,64,416,603,554,49,0.8667,0.9892,0.9187,0.7876
AP-000161,L05,A,2026-05-27,480,70,410,695,662,33,0.8542,0.9516,0.9525,0.7742
AP-000162,L01,B,2026-04-13,480,88,392,574,560,14,0.8167,0.7521,0.9756,0.5993
AP-000163,L04,B,2026-04-30,480,84,396,686,646,40,0.825,0.8818,0.9417,0.6851
AP-000164,L03,B,2026-03-21,480,77,403,499,492,7,0.8396,0.7821,0.986,0.6475
AP-000165,L06,C,2026-04-03,480,103,377,409,393,16,0.7854,0.7415,0.9609,0.5596
AP-000166,L05,C,2026-01-01,480,38,442,811,786,25,0.9208,0.9582,0.9692,0.8551
AP-000167,L06,B,2026-05-04,480,27,453,529,513,16,0.9437,0.7629,0.9698,0.6982
AP-000168,L02,C,2025-12-31,480,117,363,529,510,19,0.7562,0.9944,0.9641,0.725
AP-000169,L03,C,2026-01-20,480,69,411,654,606,48,0.8562,0.7967,0.9266,0.6321
AP-000170,L04,C,2026-04-24,480,61,419,711,687,24,0.8729,0.8712,0.9662,0.7348
AP-000171,L01,C,2026-06-25,480,95,385,574,562,12,0.8021,0.7858,0.9791,0.6171
AP-000172,L01,A,2026-01-19,480,13,467,513,473,40,0.9729,0.8143,0.922,0.7304
AP-000173,L02,A,2026-04-16,480,34,446,665,643,22,0.9292,0.9951,0.9669,0.894
AP-000174,L03,B,2026-02-13,480,88,392,487,466,21,0.8167,0.7612,0.9569,0.5949
AP-000175,L02,C,2026-01-03,480,13,467,889,863,26,0.9729,0.9604,0.9708,0.9071
AP-000176,L06,B,2026-04-09,480,82,398,622,594,28,0.8292,0.8167,0.955,0.6467
AP-000177,L06,B,2026-04-01,480,88,392,530,501,29,0.8167,0.9779,0.9453,0.755
AP-000178,L05,B,2026-03-07,480,70,410,399,374,25,0.8542,0.7039,0.9373,0.5636
AP-000179,L06,B,2026-04-10,480,106,374,570,552,18,0.7792,0.9734,0.9684,0.7345
AP-000180,L06,A,2026-03-01,480,96,384,646,621,25,0.8,0.864,0.9613,0.6645
AP-000181,L02,A,2026-07-01,480,37,443,600,580,20,0.9229,0.7532,0.9667,0.672
AP-000182,L03,C,2026-03-26,480,94,386,530,489,41,0.8042,0.7358,0.9226,0.5459
AP-000183,L01,B,2026-02-06,480,33,447,490,479,11,0.9313,0.7483,0.9776,0.6813
AP-000184,L05,A,2026-04-13,480,59,421,444,437,7,0.8771,0.712,0.9842,0.6146
AP-000185,L04,C,2026-02-09,480,99,381,674,651,23,0.7937,0.8847,0.9659,0.6782
AP-000186,L05,A,2026-01-18,480,70,410,503,487,16,0.8542,0.7219,0.9682,0.597
AP-000187,L04,C,2026-06-02,480,23,457,620,592,28,0.9521,0.7205,0.9548,0.655
AP-000188,L02,C,2026-06-18,480,68,412,524,490,34,0.8583,0.7276,0.9351,0.584
AP-000189,L05,C,2026-03-01,480,42,438,595,556,39,0.9125,0.8082,0.9345,0.6892
AP-000190,L01,A,2026-02-02,480,60,420,762,753,9,0.875,0.9471,0.9882,0.8189
AP-000191,L05,C,2026-03-02,480,85,395,559,549,10,0.8229,0.8337,0.9821,0.6738
AP-000192,L01,B,2026-05-19,480,31,449,555,523,32,0.9354,0.9048,0.9423,0.7975
AP-000193,L05,B,2026-03-16,480,32,448,780,718,62,0.9333,0.9172,0.9205,0.788
AP-000194,L06,A,2026-06-15,480,65,415,645,595,50,0.8646,0.8337,0.9225,0.665
AP-000195,L05,C,2026-01-08,480,41,439,593,549,44,0.9146,0.7247,0.9258,0.6136
AP-000196,L02,C,2026-01-21,480,0,480,690,667,23,1.0,0.7196,0.9667,0.6956
AP-000197,L06,B,2026-05-17,480,54,426,465,454,11,0.8875,0.7617,0.9763,0.66
AP-000198,L04,C,2026-04-25,480,82,398,514,478,36,0.8292,0.9241,0.93,0.7126
AP-000199,L03,C,2026-01-09,480,42,438,434,400,34,0.9125,0.7263,0.9217,0.6109
AP-000200,L04,B,2026-05-08,480,9,471,861,847,14,0.9812,0.9465,0.9837,0.9136
AP-000201,L04,C,2026-06-27,480,57,423,694,653,41,0.8812,0.8213,0.9409,0.681
AP-000202,L01,C,2026-04-21,480,15,465,620,601,19,0.9688,0.7018,0.9694,0.6591
AP-000203,L05,A,2026-01-07,480,74,406,505,467,38,0.8458,0.9103,0.9248,0.712
AP-000204,L04,B,2026-04-03,480,37,443,644,605,39,0.9229,0.882,0.9394,0.7647
AP-000205,L02,C,2026-04-11,480,50,430,488,467,21,0.8958,0.8422,0.957,0.722
AP-000206,L03,C,2026-05-21,480,50,430,644,621,23,0.8958,0.7885,0.9643,0.6811
AP-000207,L05,A,2026-01-14,480,113,367,621,571,50,0.7646,0.9872,0.9195,0.6941
AP-000208,L05,C,2026-04-24,480,15,465,445,427,18,0.9688,0.7015,0.9596,0.6522
AP-000209,L06,B,2026-02-08,480,10,470,591,574,17,0.9792,0.763,0.9712,0.7256
AP-000210,L02,A,2026-02-02,480,27,453,777,761,16,0.9437,0.9717,0.9794,0.8981
AP-000211,L01,A,2026-06-22,480,23,457,633,593,40,0.9521,0.8851,0.9368,0.7894
AP-000212,L05,B,2026-05-01,480,85,395,729,714,15,0.8229,0.9557,0.9794,0.7702
AP-000213,L03,A,2026-05-07,480,82,398,550,531,19,0.8292,0.7219,0.9655,0.5779
AP-000214,L02,C,2026-03-06,480,25,455,750,707,43,0.9479,0.8462,0.9427,0.7562
AP-000215,L02,B,2026-03-17,480,83,397,458,441,17,0.8271,0.73,0.9629,0.5814
AP-000216,L06,C,2026-06-19,480,62,418,600,579,21,0.8708,0.7985,0.965,0.671
AP-000217,L04,A,2026-02-28,480,19,461,775,756,19,0.9604,0.8701,0.9755,0.8152
AP-000218,L06,C,2026-04-29,480,0,480,619,579,40,1.0,0.7739,0.9354,0.7239
AP-000219,L06,B,2026-06-30,480,55,425,654,607,47,0.8854,0.952,0.9281,0.7823
AP-000220,L03,B,2026-03-25,480,112,368,565,533,32,0.7667,0.8389,0.9434,0.6068
AP-000221,L03,A,2026-06-15,480,70,410,442,425,17,0.8542,0.7527,0.9615,0.6182
AP-000222,L06,A,2026-04-09,480,114,366,527,511,16,0.7625,0.7589,0.9696,0.5611
AP-000223,L06,A,2026-06-20,480,93,387,524,513,11,0.8063,0.9676,0.979,0.7638
AP-000224,L02,A,2026-01-19,480,104,376,640,623,17,0.7833,0.8737,0.9734,0.6662
AP-000225,L04,C,2026-01-25,480,70,410,566,560,6,0.8542,0.863,0.9894,0.7294
AP-000226,L05,C,2026-05-09,480,99,381,457,427,30,0.7937,0.8097,0.9344,0.6005
AP-000227,L01,B,2026-04-11,480,109,371,448,427,21,0.7729,0.7402,0.9531,0.5453
AP-000228,L05,C,2026-02-17,480,46,434,569,532,37,0.9042,0.7032,0.935,0.5945
AP-000229,L05,C,2026-03-05,480,21,459,635,591,44,0.9563,0.7421,0.9307,0.6605
AP-000230,L03,A,2026-06-08,480,84,396,540,515,25,0.825,0.9208,0.9537,0.7245
AP-000231,L02,A,2026-01-18,480,28,452,643,603,40,0.9417,0.7695,0.9378,0.6796
AP-000232,L04,B,2026-04-08,480,85,395,523,510,13,0.8229,0.8554,0.9751,0.6864
AP-000233,L06,B,2026-05-23,480,117,363,636,586,50,0.7562,0.9645,0.9214,0.672
AP-000234,L06,B,2026-06-06,480,13,467,782,734,48,0.9729,0.8901,0.9386,0.8128
AP-000235,L04,B,2026-04-09,480,74,406,671,635,36,0.8458,0.871,0.9463,0.6971
AP-000236,L02,C,2026-04-03,480,75,405,484,458,26,0.8438,0.855,0.9463,0.6827
AP-000237,L04,C,2026-03-02,480,51,429,689,650,39,0.8938,0.9452,0.9434,0.797
AP-000238,L02,A,2026-04-02,480,0,480,864,821,43,1.0,0.9646,0.9502,0.9166
AP-000239,L03,C,2026-03-09,480,65,415,512,477,35,0.8646,0.7635,0.9316,0.615
AP-000240,L03,C,2026-04-02,480,91,389,506,480,26,0.8104,0.8983,0.9486,0.6906
AP-000241,L05,A,2026-04-03,480,14,466,771,735,36,0.9708,0.9026,0.9533,0.8353
AP-000242,L05,C,2026-06-16,480,82,398,496,457,39,0.8292,0.7067,0.9214,0.5399
AP-000243,L05,A,2026-01-22,480,20,460,599,552,47,0.9583,0.8889,0.9215,0.785
AP-000244,L04,C,2026-03-16,480,7,473,551,513,38,0.9854,0.7775,0.931,0.7133
AP-000245,L06,B,2026-02-17,480,72,408,575,557,18,0.85,0.7056,0.9687,0.581
AP-000246,L04,A,2026-03-03,480,10,470,608,601,7,0.9792,0.8348,0.9885,0.808
AP-000247,L02,C,2026-05-24,480,28,452,702,684,18,0.9417,0.8803,0.9744,0.8078
AP-000248,L03,B,2026-05-05,480,84,396,576,559,17,0.825,0.7794,0.9705,0.624
AP-000249,L02,A,2026-05-08,480,76,404,567,536,31,0.8417,0.7207,0.9453,0.5734
AP-000250,L06,B,2026-02-13,480,2,478,627,616,11,0.9958,0.8568,0.9825,0.8383
AP-000251,L05,C,2026-02-23,480,105,375,490,456,34,0.7812,0.8817,0.9306,0.641
AP-000252,L04,C,2026-02-22,480,4,476,769,713,56,0.9917,0.851,0.9272,0.7825
AP-000253,L06,C,2026-03-04,480,16,464,786,723,63,0.9667,0.8618,0.9198,0.7663
AP-000254,L06,C,2026-05-19,480,55,425,661,648,13,0.8854,0.8262,0.9803,0.7171
AP-000255,L04,B,2026-02-25,480,54,426,655,624,31,0.8875,0.9815,0.9527,0.8299
AP-000256,L04,A,2026-03-23,480,75,405,571,530,41,0.8438,0.7293,0.9282,0.5712
AP-000257,L04,B,2026-05-17,480,116,364,404,396,8,0.7583,0.785,0.9802,0.5835
AP-000258,L05,C,2026-05-09,480,24,456,554,540,14,0.95,0.9127,0.9747,0.8451
AP-000259,L06,B,2026-05-11,480,15,465,614,593,21,0.9688,0.7022,0.9658,0.657
AP-000260,L05,B,2026-06-09,480,52,428,537,510,27,0.8917,0.732,0.9497,0.6199
AP-000261,L03,C,2026-05-18,480,33,447,702,663,39,0.9313,0.8271,0.9444,0.7275
AP-000262,L04,A,2026-06-05,480,50,430,549,535,14,0.8958,0.824,0.9745,0.7193
AP-000263,L03,C,2026-05-25,480,47,433,719,674,45,0.9021,0.8665,0.9374,0.7327
AP-000264,L06,A,2026-03-30,480,44,436,702,687,15,0.9083,0.9207,0.9786,0.8184
AP-000265,L02,A,2026-02-21,480,95,385,503,487,16,0.8021,0.834,0.9682,0.6477
AP-000266,L05,C,2026-01-28,480,27,453,693,653,40,0.9437,0.8202,0.9423,0.7294
AP-000267,L01,A,2026-06-28,480,89,391,404,398,6,0.8146,0.7482,0.9851,0.6004
AP-000268,L01,A,2026-01-28,480,105,375,468,450,18,0.7812,0.8415,0.9615,0.6321
AP-000269,L06,B,2026-05-08,480,33,447,568,546,22,0.9313,0.8113,0.9613,0.7263
AP-000270,L06,C,2026-06-30,480,119,361,558,533,25,0.7521,0.8842,0.9552,0.6352
AP-000271,L02,C,2026-02-26,480,7,473,639,607,32,0.9854,0.8921,0.9499,0.835
AP-000272,L05,C,2026-03-20,480,119,361,534,492,42,0.7521,0.7858,0.9213,0.5445
AP-000273,L03,A,2026-03-17,480,66,414,573,554,19,0.8625,0.8846,0.9668,0.7376
AP-000274,L03,B,2026-01-17,480,83,397,525,486,39,0.8271,0.9927,0.9257,0.7601
AP-000275,L01,C,2026-01-15,480,45,435,625,583,42,0.9062,0.8216,0.9328,0.6945
AP-000276,L06,C,2026-05-27,480,90,390,532,509,23,0.8125,0.9758,0.9568,0.7586
AP-000277,L03,A,2026-03-10,480,117,363,569,561,8,0.7562,0.8044,0.9859,0.5997
AP-000278,L01,B,2026-04-12,480,77,403,516,489,27,0.8396,0.8364,0.9477,0.6655
AP-000279,L05,B,2026-01-12,480,22,458,689,660,29,0.9542,0.8519,0.9579,0.7787
AP-000280,L05,C,2026-06-06,480,43,437,596,588,8,0.9104,0.9409,0.9866,0.8451
AP-000281,L02,B,2026-04-28,480,32,448,798,765,33,0.9333,0.9898,0.9586,0.8855
AP-000282,L01,B,2026-04-18,480,99,381,626,615,11,0.7937,0.9045,0.9824,0.7053
AP-000283,L02,C,2026-03-11,480,14,466,537,517,20,0.9708,0.7203,0.9628,0.6733
AP-000284,L03,C,2026-05-09,480,89,391,575,545,30,0.8146,0.94,0.9478,0.7258
AP-000285,L03,A,2026-06-13,480,68,412,500,469,31,0.8583,0.9102,0.938,0.7328
AP-000286,L04,B,2026-06-30,480,51,429,521,513,8,0.8938,0.7228,0.9846,0.6361
AP-000287,L06,C,2026-05-13,480,45,435,652,612,40,0.9062,0.9683,0.9387,0.8237
AP-000288,L06,A,2026-04-02,480,119,361,470,438,32,0.7521,0.8497,0.9319,0.5955
AP-000289,L02,C,2026-07-01,480,111,369,449,419,30,0.7688,0.762,0.9332,0.5467
AP-000290,L01,C,2026-03-06,480,45,435,602,558,44,0.9062,0.9337,0.9269,0.7843
AP-000291,L05,A,2026-01-07,480,84,396,647,629,18,0.825,0.8841,0.9722,0.7091
AP-000292,L05,B,2026-02-01,480,108,372,553,520,33,0.775,0.8114,0.9403,0.5913
AP-000293,L03,B,2026-02-06,480,62,418,630,619,11,0.8708,0.9953,0.9825,0.8515
AP-000294,L04,B,2026-02-10,480,28,452,645,617,28,0.9417,0.7385,0.9566,0.6653
AP-000295,L06,A,2026-06-13,480,120,360,485,457,28,0.75,0.7098,0.9423,0.5016
AP-000296,L06,A,2026-02-26,480,58,422,556,529,27,0.8792,0.9095,0.9514,0.7608
AP-000297,L03,C,2026-01-08,480,1,479,604,559,45,0.9979,0.8138,0.9255,0.7516
AP-000298,L03,B,2026-03-02,480,110,370,447,419,28,0.7708,0.7561,0.9374,0.5463
AP-000299,L02,B,2026-05-01,480,78,402,547,522,25,0.8375,0.8098,0.9543,0.6472
AP-000300,L04,A,2026-05-01,480,89,391,543,514,29,0.8146,0.8095,0.9466,0.6242
AP-000301,L01,C,2026-06-01,480,73,407,593,574,19,0.8479,0.9938,0.968,0.8157
AP-000302,L02,A,2026-05-27,480,34,446,611,598,13,0.9292,0.8666,0.9787,0.7881
AP-000303,L04,B,2026-04-06,480,102,378,472,434,38,0.7875,0.8419,0.9195,0.6096
AP-000304,L04,B,2026-05-20,480,17,463,791,767,24,0.9646,0.8551,0.9697,0.7998
AP-000305,L01,C,2026-03-03,480,32,448,822,758,64,0.9333,0.9576,0.9221,0.8241
AP-000306,L06,A,2026-03-28,480,20,460,486,455,31,0.9583,0.7646,0.9362,0.686
AP-000307,L05,B,2026-03-01,480,57,423,553,522,31,0.8812,0.7779,0.9439,0.647
AP-000308,L06,C,2026-01-30,480,44,436,484,457,27,0.9083,0.8235,0.9442,0.7062
AP-000309,L02,B,2026-01-26,480,25,455,767,740,27,0.9479,0.8728,0.9648,0.7982
AP-000310,L06,B,2026-03-21,480,45,435,653,623,30,0.9062,0.902,0.9541,0.7799
AP-000311,L06,A,2026-02-05,480,113,367,423,397,26,0.7646,0.8143,0.9385,0.5843
AP-000312,L04,C,2026-01-20,480,111,369,493,485,8,0.7688,0.8922,0.9838,0.6748
AP-000313,L01,A,2026-05-11,480,78,402,638,627,11,0.8375,0.8214,0.9828,0.6761
AP-000314,L06,B,2026-06-04,480,43,437,543,524,19,0.9104,0.794,0.965,0.6976
AP-000315,L03,C,2026-02-06,480,77,403,551,524,27,0.8396,0.7814,0.951,0.6239
AP-000316,L02,A,2026-06-08,480,75,405,754,715,39,0.8438,0.9897,0.9483,0.7919
AP-000317,L06,C,2026-02-18,480,16,464,660,650,10,0.9667,0.8986,0.9848,0.8555
AP-000318,L01,B,2026-03-18,480,10,470,546,506,40,0.9792,0.7501,0.9267,0.6807
AP-000319,L01,A,2026-06-20,480,70,410,401,380,21,0.8542,0.7079,0.9476,0.573
AP-000320,L04,B,2026-06-20,480,33,447,661,638,23,0.9313,0.7466,0.9652,0.6711
AP-000321,L02,A,2026-03-12,480,29,451,657,624,33,0.9396,0.9213,0.9498,0.8222
AP-000322,L03,B,2026-02-20,480,67,413,438,423,15,0.8604,0.7086,0.9658,0.5888
AP-000323,L02,C,2026-06-05,480,59,421,784,751,33,0.8771,0.9805,0.9579,0.8238
AP-000324,L06,C,2026-05-27,480,69,411,546,519,27,0.8562,0.8772,0.9505,0.7139
AP-000325,L05,B,2026-06-22,480,112,368,590,569,21,0.7667,0.8305,0.9644,0.6141
AP-000326,L01,B,2026-03-22,480,116,364,522,488,34,0.7583,0.8445,0.9349,0.5987
AP-000327,L01,A,2026-03-04,480,39,441,623,579,44,0.9187,0.8237,0.9294,0.7033
AP-000328,L01,C,2026-05-23,480,66,414,487,464,23,0.8625,0.8032,0.9528,0.6601
AP-000329,L01,B,2026-02-20,480,118,362,659,628,31,0.7542,0.9841,0.953,0.7073
AP-000330,L05,B,2026-05-06,480,102,378,542,528,14,0.7875,0.8791,0.9742,0.6744
AP-000331,L02,A,2026-04-09,480,24,456,777,738,39,0.95,0.9646,0.9498,0.8704
AP-000332,L01,B,2026-03-29,480,91,389,639,597,42,0.8104,0.9485,0.9343,0.7182
AP-000333,L05,C,2026-04-30,480,80,400,541,528,13,0.8333,0.855,0.976,0.6954
AP-000334,L03,B,2026-05-29,480,87,393,499,485,14,0.8187,0.7854,0.9719,0.6249
AP-000335,L06,B,2026-03-20,480,24,456,481,452,29,0.95,0.7547,0.9397,0.6737
AP-000336,L02,B,2026-05-07,480,79,401,564,543,21,0.8354,0.7816,0.9628,0.6287
AP-000337,L02,A,2026-06-09,480,2,478,506,484,22,0.9958,0.7149,0.9565,0.6809
AP-000338,L01,A,2026-03-07,480,36,444,529,502,27,0.925,0.7375,0.949,0.6474
AP-000339,L04,B,2026-04-14,480,11,469,490,458,32,0.9771,0.7044,0.9347,0.6433
AP-000340,L01,B,2026-04-20,480,100,380,702,668,34,0.7917,0.9994,0.9516,0.7529
AP-000341,L01,C,2026-04-23,480,10,470,499,486,13,0.9792,0.7168,0.9739,0.6836
AP-000342,L04,A,2026-05-04,480,60,420,482,471,11,0.875,0.7577,0.9772,0.6479
AP-000343,L02,C,2026-03-01,480,15,465,600,592,8,0.9688,0.8154,0.9867,0.7795
AP-000344,L05,C,2026-06-10,480,4,476,611,595,16,0.9917,0.8383,0.9738,0.8096
AP-000345,L03,A,2026-01-02,480,26,454,679,670,9,0.9458,0.8167,0.9867,0.7622
AP-000346,L01,B,2026-03-09,480,80,400,504,483,21,0.8333,0.9234,0.9583,0.7374
AP-000347,L01,C,2025-12-31,480,61,419,661,624,37,0.8729,0.7896,0.944,0.6506
AP-000348,L01,A,2026-05-18,480,27,453,506,480,26,0.9437,0.7708,0.9486,0.69
AP-000349,L02,A,2026-05-09,480,101,379,536,507,29,0.7896,0.8754,0.9459,0.6538
AP-000350,L05,A,2026-01-27,480,5,475,866,825,41,0.9896,0.935,0.9527,0.8815
AP-000351,L06,C,2026-04-26,480,47,433,475,453,22,0.9021,0.7746,0.9537,0.6664
AP-000352,L02,C,2026-03-04,480,43,437,627,592,35,0.9104,0.718,0.9442,0.6172
AP-000353,L05,C,2026-02-10,480,68,412,435,407,28,0.8583,0.7377,0.9356,0.5924
AP-000354,L02,A,2026-02-06,480,96,384,614,583,31,0.8,0.9417,0.9495,0.7153
AP-000355,L01,B,2026-05-05,480,88,392,548,509,39,0.8167,0.8075,0.9288,0.6125
AP-000356,L04,A,2026-02-01,480,90,390,609,583,26,0.8125,0.8677,0.9573,0.6749
AP-000357,L04,B,2026-04-30,480,72,408,534,503,31,0.85,0.8631,0.9419,0.691
AP-000358,L01,C,2026-02-02,480,111,369,707,677,30,0.7688,0.9743,0.9576,0.7173
AP-000359,L03,B,2026-06-27,480,19,461,654,613,41,0.9604,0.7887,0.9373,0.71
AP-000360,L01,C,2026-07-01,480,0,480,817,793,24,1.0,0.8518,0.9706,0.8268
AP-000361,L06,A,2026-02-24,480,109,371,594,556,38,0.7729,0.9328,0.936,0.6748
AP-000362,L06,B,2026-02-23,480,84,396,711,663,48,0.825,0.9457,0.9325,0.7275
AP-000363,L04,C,2026-02-24,480,98,382,546,513,33,0.7958,0.7462,0.9396,0.558
AP-000364,L01,A,2026-02-11,480,41,439,463,447,16,0.9146,0.7289,0.9654,0.6436
AP-000365,L01,A,2026-02-15,480,22,458,476,454,22,0.9542,0.7606,0.9538,0.6922
AP-000366,L06,C,2026-04-07,480,73,407,633,605,28,0.8479,0.8974,0.9558,0.7273
AP-000367,L01,A,2026-06-06,480,32,448,501,482,19,0.9333,0.8099,0.9621,0.7272
AP-000368,L01,B,2026-01-23,480,119,361,501,493,8,0.7521,0.8967,0.984,0.6636
AP-000369,L04,B,2026-06-14,480,102,378,542,519,23,0.7875,0.7182,0.9576,0.5416
AP-000370,L01,C,2026-04-17,480,101,379,496,465,31,0.7896,0.9471,0.9375,0.7011
AP-000371,L05,A,2026-04-23,480,9,471,562,525,37,0.9812,0.7234,0.9342,0.6631
AP-000372,L05,C,2026-01-06,480,12,468,630,587,43,0.975,0.8595,0.9317,0.7808
AP-000373,L06,C,2026-04-19,480,31,449,770,718,52,0.9354,0.8876,0.9325,0.7742
AP-000374,L06,B,2026-06-16,480,53,427,569,546,23,0.8896,0.9299,0.9596,0.7938
AP-000375,L02,C,2026-06-25,480,89,391,672,626,46,0.8146,0.9648,0.9315,0.7321
AP-000376,L05,B,2026-01-02,480,51,429,641,596,45,0.8938,0.8013,0.9298,0.6659
AP-000377,L03,B,2026-06-10,480,119,361,595,570,25,0.7521,0.9707,0.958,0.6994
AP-000378,L05,A,2026-03-20,480,52,428,709,688,21,0.8917,0.8292,0.9704,0.7175
AP-000379,L06,B,2026-02-01,480,72,408,592,576,16,0.85,0.7642,0.973,0.632
AP-000380,L06,A,2026-05-25,480,46,434,651,617,34,0.9042,0.8342,0.9478,0.7149
AP-000381,L03,A,2026-03-08,480,36,444,615,571,44,0.925,0.7049,0.9285,0.6054
AP-000382,L06,B,2026-04-15,480,38,442,529,498,31,0.9208,0.7644,0.9414,0.6626
AP-000383,L05,A,2026-04-30,480,117,363,593,569,24,0.7562,0.8534,0.9595,0.6192
AP-000384,L03,B,2026-05-08,480,12,468,536,498,38,0.975,0.8381,0.9291,0.7592
AP-000385,L03,A,2026-01-18,480,113,367,554,519,35,0.7646,0.775,0.9368,0.5551
AP-000386,L01,C,2026-06-17,480,73,407,620,579,41,0.8479,0.8707,0.9339,0.6895
AP-000387,L06,C,2026-02-12,480,41,439,605,591,14,0.9146,0.7519,0.9769,0.6718
AP-000388,L06,C,2026-04-11,480,73,407,512,481,31,0.8479,0.8786,0.9395,0.6999
AP-000389,L03,B,2026-03-13,480,48,432,571,562,9,0.9,0.934,0.9842,0.8273
AP-000390,L02,C,2026-02-24,480,112,368,541,530,11,0.7667,0.825,0.9797,0.6197
AP-000391,L06,B,2026-03-05,480,83,397,764,736,28,0.8271,0.9786,0.9634,0.7798
AP-000392,L05,A,2026-05-31,480,6,474,670,631,39,0.9875,0.8573,0.9418,0.7973
AP-000393,L06,C,2026-01-13,480,41,439,745,693,52,0.9146,0.9093,0.9302,0.7736
AP-000394,L01,A,2026-01-28,480,50,430,716,687,29,0.8958,0.9259,0.9595,0.7958
AP-000395,L03,A,2026-01-17,480,55,425,649,603,46,0.8854,0.9359,0.9291,0.7699
AP-000396,L03,A,2026-01-03,480,60,420,749,717,32,0.875,0.9236,0.9573,0.7736
AP-000397,L02,B,2026-01-27,480,51,429,664,643,21,0.8938,0.8303,0.9684,0.7187
AP-000398,L02,C,2026-04-16,480,71,409,530,511,19,0.8521,0.8464,0.9642,0.6954
AP-000399,L04,B,2026-01-04,480,78,402,585,541,44,0.8375,0.7739,0.9248,0.5994
AP-000400,L04,B,2026-05-11,480,87,393,552,533,19,0.8187,0.7269,0.9656,0.5746
AP-000401,L01,B,2026-04-19,480,44,436,532,511,21,0.9083,0.7962,0.9605,0.6946
AP-000402,L04,C,2026-05-10,480,21,459,690,682,8,0.9563,0.8849,0.9884,0.8364
AP-000403,L02,C,2026-04-18,480,18,462,593,579,14,0.9625,0.7135,0.9764,0.6705
AP-000404,L01,C,2026-02-16,480,47,433,595,582,13,0.9021,0.9273,0.9782,0.8183
AP-000405,L03,A,2026-02-04,480,6,474,739,727,12,0.9875,0.9847,0.9838,0.9566
AP-000406,L03,A,2026-02-19,480,43,437,501,477,24,0.9104,0.7915,0.9521,0.6861
AP-000407,L03,C,2026-06-02,480,94,386,559,535,24,0.8042,0.7636,0.9571,0.5877
AP-000408,L06,C,2026-01-04,480,61,419,763,709,54,0.8729,0.919,0.9292,0.7454
AP-000409,L01,B,2026-06-06,480,2,478,724,699,25,0.9958,0.8749,0.9655,0.8412
AP-000410,L05,B,2026-05-29,480,21,459,498,485,13,0.9563,0.7852,0.9739,0.7313
AP-000411,L04,C,2026-01-01,480,6,474,771,709,62,0.9875,0.8964,0.9196,0.814
AP-000412,L06,B,2026-02-11,480,34,446,734,676,58,0.9292,0.9593,0.921,0.821
AP-000413,L03,B,2026-01-31,480,29,451,666,645,21,0.9396,0.8526,0.9685,0.7759
AP-000414,L05,B,2026-05-10,480,110,370,625,583,42,0.7708,0.8595,0.9328,0.618
AP-000415,L03,B,2026-03-12,480,71,409,393,386,7,0.8521,0.7119,0.9822,0.5958
AP-000416,L06,B,2026-04-26,480,62,418,675,621,54,0.8708,0.9233,0.92,0.7397
AP-000417,L05,B,2026-04-13,480,45,435,687,679,8,0.9062,0.7907,0.9884,0.7082
AP-000418,L01,C,2026-01-23,480,103,377,462,453,9,0.7854,0.8877,0.9805,0.6836
AP-000419,L06,A,2026-04-02,480,35,445,519,510,9,0.9271,0.7455,0.9827,0.6792
AP-000420,L06,C,2026-02-14,480,11,469,696,673,23,0.9771,0.8562,0.967,0.809
AP-000421,L03,C,2026-01-14,480,29,451,615,572,43,0.9396,0.7721,0.9301,0.6748
AP-000422,L02,C,2026-06-25,480,42,438,680,635,45,0.9125,0.8627,0.9338,0.7351
AP-000423,L06,C,2026-05-29,480,69,411,604,568,36,0.8562,0.9588,0.9404,0.772
AP-000424,L02,C,2026-01-24,480,116,364,442,434,8,0.7583,0.829,0.9819,0.6173
AP-000425,L05,C,2026-03-02,480,119,361,680,640,40,0.7521,0.9751,0.9412,0.6903
AP-000426,L02,C,2026-02-13,480,92,388,424,414,10,0.8083,0.7552,0.9764,0.596
AP-000427,L04,B,2026-04-12,480,3,477,766,726,40,0.9938,0.964,0.9478,0.908
AP-000428,L02,A,2026-03-10,480,56,424,831,780,51,0.8833,0.98,0.9386,0.8125
AP-000429,L05,B,2026-02-12,480,16,464,498,492,6,0.9667,0.7079,0.988,0.6761
AP-000430,L02,C,2026-06-04,480,77,403,688,661,27,0.8396,0.8837,0.9608,0.7129
AP-000431,L02,C,2026-06-04,480,3,477,586,571,15,0.9938,0.7238,0.9744,0.7009
AP-000432,L02,B,2026-01-26,480,108,372,615,593,22,0.775,0.8406,0.9642,0.6281
AP-000433,L01,B,2026-06-03,480,62,418,568,530,38,0.8708,0.7413,0.9331,0.6023
AP-000434,L02,C,2026-05-15,480,97,383,499,492,7,0.7979,0.9776,0.986,0.7691
AP-000435,L04,C,2026-05-04,480,85,395,561,518,43,0.8229,0.9273,0.9234,0.7046
AP-000436,L04,B,2026-04-12,480,62,418,668,656,12,0.8708,0.96,0.982,0.8209
AP-000437,L06,B,2026-02-16,480,99,381,459,448,11,0.7937,0.8824,0.976,0.6836
AP-000438,L05,C,2026-05-28,480,50,430,837,803,34,0.8958,0.9817,0.9594,0.8437
AP-000439,L01,A,2026-02-27,480,82,398,465,442,23,0.8292,0.8562,0.9505,0.6748
AP-000440,L05,B,2026-04-11,480,66,414,643,624,19,0.8625,0.8187,0.9705,0.6853
AP-000441,L04,B,2026-01-14,480,66,414,818,763,55,0.8625,0.9888,0.9328,0.7955
AP-000442,L02,B,2026-03-11,480,113,367,564,530,34,0.7646,0.9321,0.9397,0.6697
AP-000443,L02,B,2026-03-05,480,37,443,857,829,28,0.9229,0.9757,0.9673,0.871
AP-000444,L02,C,2026-06-10,480,106,374,489,467,22,0.7792,0.7271,0.955,0.5411
AP-000445,L04,A,2026-03-22,480,120,360,506,480,26,0.75,0.7406,0.9486,0.5269
AP-000446,L02,B,2026-05-13,480,22,458,729,707,22,0.9542,0.8771,0.9698,0.8117
AP-000447,L06,A,2026-02-07,480,11,469,598,577,21,0.9771,0.7972,0.9649,0.7516
AP-000448,L06,B,2026-04-20,480,91,389,410,397,13,0.8104,0.7274,0.9683,0.5708
AP-000449,L05,C,2026-02-01,480,10,470,807,783,24,0.9792,0.9122,0.9703,0.8667
AP-000450,L02,B,2026-04-04,480,20,460,689,635,54,0.9583,0.8651,0.9216,0.764
AP-000451,L06,A,2026-04-19,480,72,408,453,421,32,0.85,0.7486,0.9294,0.5914
AP-000452,L04,B,2026-04-03,480,53,427,558,543,15,0.8896,0.7929,0.9731,0.6864
AP-000453,L02,A,2026-05-10,480,80,400,446,414,32,0.8333,0.7353,0.9283,0.5688
AP-000454,L04,C,2026-05-11,480,79,401,451,430,21,0.8354,0.7037,0.9534,0.5605
AP-000455,L02,C,2026-06-01,480,103,377,443,422,21,0.7854,0.8824,0.9526,0.6602
AP-000456,L05,C,2026-05-28,480,84,396,607,577,30,0.825,0.8361,0.9506,0.6557
AP-000457,L06,C,2026-03-05,480,0,480,733,688,45,1.0,0.9647,0.9386,0.9055
AP-000458,L06,B,2026-06-15,480,104,376,416,387,29,0.7833,0.7147,0.9303,0.5208
AP-000459,L05,B,2026-01-26,480,4,476,675,652,23,0.9917,0.9561,0.9659,0.9158
AP-000460,L02,A,2026-03-01,480,42,438,443,420,23,0.9125,0.7147,0.9481,0.6183
AP-000461,L05,C,2026-04-17,480,86,394,568,550,18,0.8208,0.8833,0.9683,0.702
AP-000462,L05,B,2026-05-19,480,100,380,548,521,27,0.7917,0.7532,0.9507,0.5669
AP-000463,L03,B,2026-07-01,480,119,361,359,337,22,0.7521,0.7279,0.9387,0.5139
AP-000464,L01,B,2026-02-28,480,104,376,488,477,11,0.7833,0.9275,0.9775,0.7102
AP-000465,L03,C,2026-05-09,480,60,420,453,444,9,0.875,0.7366,0.9801,0.6317
AP-000466,L01,A,2026-06-08,480,52,428,614,573,41,0.8917,0.763,0.9332,0.6349
AP-000467,L06,C,2026-01-22,480,73,407,698,646,52,0.8479,0.8587,0.9255,0.6738
AP-000468,L03,C,2026-02-28,480,77,403,545,533,12,0.8396,0.8281,0.978,0.68
AP-000469,L05,B,2026-04-15,480,73,407,650,603,47,0.8479,0.8062,0.9277,0.6342
AP-000470,L05,A,2026-02-26,480,66,414,703,686,17,0.8625,0.8493,0.9758,0.7148
AP-000471,L01,B,2026-02-12,480,90,390,633,582,51,0.8125,0.9938,0.9194,0.7424
AP-000472,L05,B,2026-03-06,480,80,400,534,499,35,0.8333,0.9212,0.9345,0.7174
AP-000473,L06,A,2026-01-19,480,52,428,468,448,20,0.8917,0.8001,0.9573,0.683
AP-000474,L01,B,2026-02-28,480,1,479,728,684,44,0.9979,0.7604,0.9396,0.713
AP-000475,L01,C,2026-03-29,480,38,442,713,694,19,0.9208,0.865,0.9734,0.7753
AP-000476,L01,A,2026-06-16,480,42,438,603,578,25,0.9125,0.8188,0.9585,0.7161
AP-000477,L04,B,2026-03-13,480,24,456,729,717,12,0.95,0.9501,0.9835,0.8877
AP-000478,L06,B,2026-03-14,480,102,378,461,439,22,0.7875,0.8937,0.9523,0.6702
AP-000479,L04,C,2026-02-10,480,114,366,673,640,33,0.7625,0.9688,0.951,0.7025
AP-000480,L03,C,2026-03-18,480,7,473,703,682,21,0.9854,0.7898,0.9701,0.755
AP-000481,L03,A,2026-06-05,480,68,412,424,410,14,0.8583,0.7625,0.967,0.6329
AP-000482,L04,C,2026-04-05,480,19,461,709,669,40,0.9604,0.9522,0.9436,0.8629
AP-000483,L05,A,2026-02-06,480,68,412,538,509,29,0.8583,0.8713,0.9461,0.7075
AP-000484,L01,B,2026-01-20,480,110,370,556,523,33,0.7708,0.9116,0.9406,0.6609
AP-000485,L04,B,2026-02-24,480,52,428,514,481,33,0.8917,0.8491,0.9358,0.7085
AP-000486,L01,A,2026-02-02,480,27,453,674,625,49,0.9437,0.7907,0.9273,0.6919
AP-000487,L04,C,2026-05-12,480,116,364,429,395,34,0.7583,0.8331,0.9207,0.5816
AP-000488,L05,B,2026-05-05,480,19,461,566,539,27,0.9604,0.802,0.9523,0.7335
AP-000489,L05,C,2026-06-05,480,99,381,471,462,9,0.7937,0.743,0.9809,0.5785
AP-000490,L06,C,2026-04-13,480,16,464,659,627,32,0.9667,0.9174,0.9514,0.8437
AP-000491,L05,A,2026-02-07,480,14,466,492,454,38,0.9708,0.7933,0.9228,0.7107
AP-000492,L06,C,2026-06-24,480,42,438,769,713,56,0.9125,0.9668,0.9272,0.818
AP-000493,L02,B,2026-01-29,480,39,441,519,488,31,0.9187,0.8733,0.9403,0.7544
AP-000494,L04,C,2026-03-22,480,25,455,548,524,24,0.9479,0.786,0.9562,0.7124
AP-000495,L01,C,2026-04-10,480,15,465,559,524,35,0.9688,0.7448,0.9374,0.6764
AP-000496,L05,B,2026-01-07,480,71,409,557,533,24,0.8521,0.7307,0.9569,0.5958
AP-000497,L05,A,2026-01-12,480,34,446,650,634,16,0.9292,0.983,0.9754,0.8909
AP-000498,L05,B,2026-02-14,480,21,459,509,500,9,0.9563,0.7934,0.9823,0.7453
AP-000499,L01,A,2026-02-13,480,6,474,492,483,9,0.9875,0.7087,0.9817,0.687
AP-000500,L06,C,2026-01-02,480,49,431,432,409,23,0.8979,0.7258,0.9468,0.617
AP-000501,L04,C,2026-01-31,480,114,366,634,613,21,0.7625,0.8888,0.9669,0.6553
AP-000502,L06,C,2026-05-11,480,45,435,573,535,38,0.9062,0.7997,0.9337,0.6766
AP-000503,L06,B,2026-05-13,480,10,470,743,688,55,0.9792,0.8703,0.926,0.7891
AP-000504,L04,B,2026-04-17,480,12,468,674,650,24,0.975,0.7931,0.9644,0.7457
AP-000505,L03,B,2026-02-18,480,29,451,525,515,10,0.9396,0.7431,0.981,0.685
AP-000506,L03,B,2026-03-02,480,50,430,593,573,20,0.8958,0.9099,0.9663,0.7876
AP-000507,L04,B,2026-04-19,480,62,418,406,376,30,0.8708,0.7196,0.9261,0.5803
AP-000508,L05,A,2026-04-01,480,108,372,437,412,25,0.775,0.7847,0.9428,0.5734
AP-000509,L01,B,2026-02-06,480,65,415,488,473,15,0.8646,0.8217,0.9693,0.6886
AP-000510,L04,C,2026-05-04,480,71,409,536,513,23,0.8521,0.9377,0.9571,0.7647
AP-000511,L04,B,2026-06-16,480,52,428,600,575,25,0.8917,0.8863,0.9583,0.7574
AP-000512,L04,B,2026-05-31,480,8,472,605,585,20,0.9833,0.7625,0.9669,0.7249
AP-000513,L06,C,2026-02-16,480,72,408,592,554,38,0.85,0.8634,0.9358,0.6868
AP-000514,L05,B,2026-04-22,480,9,471,866,803,63,0.9812,0.951,0.9273,0.8653
AP-000515,L03,B,2026-06-15,480,41,439,613,583,30,0.9146,0.7293,0.9511,0.6344
AP-000516,L04,B,2026-03-20,480,8,472,680,664,16,0.9833,0.7326,0.9765,0.7034
AP-000517,L05,C,2026-06-06,480,63,417,419,409,10,0.8688,0.7272,0.9761,0.6167
AP-000518,L04,C,2026-03-09,480,103,377,466,450,16,0.7854,0.9271,0.9657,0.7032
AP-000519,L02,C,2026-01-25,480,37,443,679,645,34,0.9229,0.8847,0.9499,0.7756
AP-000520,L06,B,2026-03-03,480,112,368,484,472,12,0.7667,0.7899,0.9752,0.5906
AP-000521,L01,C,2026-06-04,480,117,363,592,582,10,0.7562,0.9153,0.9831,0.6805
AP-000522,L02,B,2026-06-11,480,1,479,946,897,49,0.9979,0.9959,0.9482,0.9423
AP-000523,L01,C,2026-03-17,480,7,473,787,777,10,0.9854,0.9703,0.9873,0.944
AP-000524,L01,A,2026-05-05,480,71,409,509,478,31,0.8521,0.7329,0.9391,0.5865
AP-000525,L04,B,2026-02-09,480,55,425,678,638,40,0.8854,0.8183,0.941,0.6818
AP-000526,L04,A,2026-02-17,480,48,432,665,642,23,0.9,0.8635,0.9654,0.7503
AP-000527,L04,A,2026-04-29,480,24,456,712,701,11,0.95,0.8154,0.9846,0.7627
AP-000528,L01,A,2026-02-26,480,36,444,482,445,37,0.925,0.7403,0.9232,0.6322
AP-000529,L02,A,2026-03-25,480,92,388,644,636,8,0.8083,0.8974,0.9876,0.7164
AP-000530,L06,C,2026-04-14,480,17,463,783,769,14,0.9646,0.958,0.9821,0.9075
AP-000531,L04,C,2026-03-03,480,119,361,571,543,28,0.7521,0.887,0.951,0.6344
AP-000532,L04,C,2026-05-03,480,104,376,551,515,36,0.7833,0.8154,0.9347,0.597
AP-000533,L06,C,2026-02-24,480,0,480,788,765,23,1.0,0.8494,0.9708,0.8246
AP-000534,L01,A,2026-01-24,480,34,446,770,739,31,0.9292,0.978,0.9597,0.8721
AP-000535,L04,C,2026-06-05,480,72,408,681,631,50,0.85,0.9115,0.9266,0.7179
AP-000536,L03,B,2026-04-17,480,10,470,640,612,28,0.9792,0.9191,0.9563,0.8607
AP-000537,L02,B,2026-05-31,480,66,414,502,483,19,0.8625,0.857,0.9622,0.7112
AP-000538,L05,B,2026-04-10,480,80,400,506,484,22,0.8333,0.9052,0.9565,0.7215
AP-000539,L01,B,2026-05-30,480,78,402,540,517,23,0.8375,0.9711,0.9574,0.7786
AP-000540,L03,B,2026-02-25,480,58,422,765,734,31,0.8792,0.9718,0.9595,0.8198
AP-000541,L05,C,2026-05-10,480,45,435,558,514,44,0.9062,0.7868,0.9211,0.6567
AP-000542,L05,A,2026-03-14,480,38,442,664,640,24,0.9208,0.7781,0.9639,0.6906
AP-000543,L06,C,2026-04-02,480,73,407,504,473,31,0.8479,0.8969,0.9385,0.7137
AP-000544,L01,B,2026-06-19,480,3,477,658,611,47,0.9938,0.8454,0.9286,0.7802
AP-000545,L03,A,2026-03-25,480,32,448,581,545,36,0.9333,0.8847,0.938,0.7745
AP-000546,L06,A,2026-02-15,480,94,386,493,484,9,0.8042,0.8811,0.9817,0.6956
AP-000547,L06,A,2026-01-15,480,84,396,578,538,40,0.825,0.8109,0.9308,0.6227
AP-000548,L03,A,2026-05-30,480,62,418,595,583,12,0.8708,0.9398,0.9798,0.8018
AP-000549,L04,B,2026-03-30,480,18,462,890,828,62,0.9625,0.9802,0.9303,0.8777
AP-000550,L06,A,2026-05-03,480,98,382,510,484,26,0.7958,0.7714,0.949,0.5826
AP-000551,L06,B,2026-04-28,480,26,454,807,761,46,0.9458,0.9203,0.943,0.8208
AP-000552,L04,B,2026-04-18,480,96,384,398,379,19,0.8,0.7158,0.9523,0.5453
AP-000553,L04,B,2026-03-13,480,60,420,614,594,20,0.875,0.7701,0.9674,0.6519
AP-000554,L03,B,2026-02-07,480,33,447,569,540,29,0.9313,0.8591,0.949,0.7593
AP-000555,L01,A,2026-02-20,480,48,432,711,688,23,0.9,0.9885,0.9677,0.8609
AP-000556,L04,C,2026-06-26,480,117,363,614,605,9,0.7562,0.8912,0.9853,0.664
AP-000557,L01,B,2026-04-24,480,117,363,469,440,29,0.7562,0.8005,0.9382,0.5679
AP-000558,L06,A,2026-02-16,480,83,397,632,615,17,0.8271,0.8173,0.9731,0.6578
AP-000559,L06,C,2026-01-21,480,93,387,702,671,31,0.8063,0.9311,0.9558,0.7176
AP-000560,L01,A,2026-03-24,480,23,457,658,636,22,0.9521,0.8643,0.9666,0.7954
AP-000561,L03,A,2026-06-21,480,52,428,526,509,17,0.8917,0.8576,0.9677,0.74
AP-000562,L05,A,2026-03-08,480,92,388,491,452,39,0.8083,0.7756,0.9206,0.5771
AP-000563,L05,C,2026-02-20,480,7,473,834,816,18,0.9854,0.897,0.9784,0.8648
AP-000564,L04,C,2026-06-04,480,15,465,489,470,19,0.9688,0.7259,0.9611,0.6759
AP-000565,L01,C,2026-02-09,480,97,383,696,649,47,0.7979,0.941,0.9325,0.7001
AP-000566,L01,C,2026-01-17,480,23,457,576,556,20,0.9521,0.7884,0.9653,0.7246
AP-000567,L06,B,2026-01-11,480,58,422,635,614,21,0.8792,0.9308,0.9669,0.7913
AP-000568,L01,B,2026-06-17,480,32,448,627,589,38,0.9333,0.9342,0.9394,0.8191
AP-000569,L03,A,2026-01-21,480,49,431,724,679,45,0.8979,0.9988,0.9378,0.841
AP-000570,L05,B,2026-01-05,480,56,424,503,495,8,0.8833,0.8475,0.9841,0.7367
AP-000571,L04,A,2026-02-23,480,22,458,620,593,27,0.9542,0.7325,0.9565,0.6685
AP-000572,L01,A,2026-06-22,480,78,402,561,544,17,0.8375,0.9738,0.9697,0.7908
AP-000573,L04,A,2026-03-30,480,9,471,574,538,36,0.9812,0.8714,0.9373,0.8014
AP-000574,L01,C,2026-05-15,480,114,366,504,486,18,0.7625,0.7447,0.9643,0.5476
AP-000575,L04,C,2026-04-22,480,49,431,519,489,30,0.8979,0.7455,0.9422,0.6307
AP-000576,L04,B,2026-05-27,480,0,480,817,795,22,1.0,0.9123,0.9731,0.8878
AP-000577,L06,B,2026-03-13,480,51,429,517,475,42,0.8938,0.862,0.9188,0.7079
AP-000578,L03,C,2026-05-17,480,15,465,773,764,9,0.9688,0.8606,0.9884,0.8241
AP-000579,L06,A,2026-02-14,480,38,442,554,548,6,0.9208,0.7166,0.9892,0.6527
AP-000580,L04,B,2026-01-25,480,46,434,788,743,45,0.9042,0.956,0.9429,0.8151
AP-000581,L04,C,2026-03-28,480,82,398,459,423,36,0.8292,0.753,0.9216,0.5754
AP-000582,L06,C,2026-03-23,480,24,456,683,671,12,0.95,0.9088,0.9824,0.8482
AP-000583,L06,A,2026-02-02,480,45,435,583,562,21,0.9062,0.7255,0.964,0.6338
AP-000584,L05,A,2026-01-07,480,17,463,479,464,15,0.9646,0.7579,0.9687,0.7082
AP-000585,L03,B,2026-04-18,480,62,418,520,498,22,0.8708,0.7189,0.9577,0.5995
AP-000586,L03,A,2026-02-23,480,68,412,734,676,58,0.8583,0.99,0.921,0.7826
AP-000587,L06,C,2026-05-18,480,43,437,490,458,32,0.9104,0.8217,0.9347,0.6992
AP-000588,L05,A,2026-04-11,480,66,414,738,723,15,0.8625,0.982,0.9797,0.8298
AP-000589,L06,A,2026-02-24,480,94,386,579,535,44,0.8042,0.7699,0.924,0.5721
AP-000590,L01,A,2026-06-16,480,62,418,474,466,8,0.8708,0.8414,0.9831,0.7203
AP-000591,L03,A,2026-06-24,480,89,391,403,388,15,0.8146,0.7043,0.9628,0.5524
AP-000592,L01,A,2026-05-04,480,58,422,628,603,25,0.8792,0.7512,0.9602,0.6342
AP-000593,L02,B,2026-06-28,480,63,417,770,720,50,0.8688,0.9398,0.9351,0.7635
AP-000594,L05,C,2026-04-09,480,43,437,609,601,8,0.9104,0.7973,0.9869,0.7164
AP-000595,L01,C,2026-05-28,480,17,463,733,715,18,0.9646,0.9509,0.9754,0.8947
AP-000596,L04,A,2026-03-13,480,22,458,554,520,34,0.9542,0.719,0.9386,0.6439
AP-000597,L05,A,2026-05-19,480,89,391,581,552,29,0.8146,0.866,0.9501,0.6702
AP-000598,L04,A,2026-05-16,480,17,463,622,599,23,0.9646,0.9373,0.963,0.8707
AP-000599,L01,C,2026-04-15,480,2,478,640,589,51,0.9958,0.7242,0.9203,0.6637
AP-000600,L04,C,2026-04-28,480,83,397,747,709,38,0.8271,0.9661,0.9491,0.7584
AP-000601,L04,B,2026-03-03,480,16,464,534,501,33,0.9667,0.7429,0.9382,0.6738
AP-000602,L02,C,2026-06-01,480,30,450,602,555,47,0.9375,0.8832,0.9219,0.7633
AP-000603,L03,B,2026-04-25,480,63,417,814,784,30,0.8688,0.9851,0.9631,0.8243
AP-000604,L05,A,2026-04-17,480,53,427,493,460,33,0.8896,0.8673,0.9331,0.7199
AP-000605,L05,A,2026-05-19,480,79,401,660,652,8,0.8354,0.9588,0.9879,0.7913
AP-000606,L02,A,2026-04-20,480,59,421,755,709,46,0.8771,0.8978,0.9391,0.7395
AP-000607,L04,B,2026-02-04,480,101,379,509,502,7,0.7896,0.9056,0.9862,0.7052
AP-000608,L06,B,2026-01-05,480,22,458,619,571,48,0.9542,0.901,0.9225,0.7931
AP-000609,L04,A,2026-01-05,480,36,444,571,538,33,0.925,0.8304,0.9422,0.7237
AP-000610,L01,B,2026-06-19,480,13,467,631,588,43,0.9729,0.9775,0.9319,0.8862
AP-000611,L04,C,2026-03-23,480,65,415,434,406,28,0.8646,0.7213,0.9355,0.5834
AP-000612,L03,A,2026-01-31,480,74,406,558,542,16,0.8458,0.8257,0.9713,0.6783
AP-000613,L06,B,2026-03-01,480,99,381,440,407,33,0.7937,0.7978,0.925,0.5857
AP-000614,L04,C,2026-05-04,480,111,369,459,429,30,0.7688,0.8127,0.9346,0.5839
AP-000615,L05,B,2026-05-11,480,62,418,559,519,40,0.8708,0.9671,0.9284,0.7819
AP-000616,L02,C,2026-06-29,480,22,458,644,613,31,0.9542,0.812,0.9519,0.7375
AP-000617,L06,C,2026-04-20,480,45,435,534,496,38,0.9062,0.7607,0.9288,0.6403
AP-000618,L04,B,2026-03-07,480,7,473,566,554,12,0.9854,0.741,0.9788,0.7147
AP-000619,L02,C,2026-02-16,480,21,459,591,555,36,0.9563,0.766,0.9391,0.6879
AP-000620,L02,A,2026-04-17,480,78,402,526,504,22,0.8375,0.8734,0.9582,0.7009
AP-000621,L05,B,2026-02-13,480,52,428,682,674,8,0.8917,0.8468,0.9883,0.7463
AP-000622,L06,A,2026-01-18,480,107,373,531,515,16,0.7771,0.7838,0.9699,0.5908
AP-000623,L05,A,2026-06-17,480,31,449,621,580,41,0.9354,0.8303,0.934,0.7254
AP-000624,L01,A,2026-06-21,480,116,364,682,647,35,0.7583,0.9695,0.9487,0.6975
AP-000625,L04,C,2026-03-02,480,60,420,556,532,24,0.875,0.7101,0.9568,0.5945
AP-000626,L05,A,2026-01-18,480,105,375,449,420,29,0.7812,0.8357,0.9354,0.6107
AP-000627,L03,A,2026-05-04,480,88,392,682,633,49,0.8167,0.985,0.9282,0.7467
AP-000628,L02,C,2026-06-14,480,82,398,397,383,14,0.8292,0.7048,0.9647,0.5638
AP-000629,L04,B,2026-06-05,480,58,422,754,694,60,0.8792,0.9242,0.9204,0.7479
AP-000630,L03,C,2026-05-30,480,98,382,539,511,28,0.7958,0.9623,0.9481,0.7261
AP-000631,L04,C,2026-02-04,480,59,421,589,567,22,0.8771,0.7004,0.9626,0.5913
AP-000632,L03,C,2026-05-05,480,42,438,585,555,30,0.9125,0.7098,0.9487,0.6145
AP-000633,L06,A,2026-01-05,480,78,402,666,622,44,0.8375,0.8726,0.9339,0.6825
AP-000634,L06,B,2026-01-01,480,79,401,621,573,48,0.8354,0.9207,0.9227,0.7097
AP-000635,L05,A,2026-06-27,480,113,367,372,351,21,0.7646,0.7333,0.9435,0.529
AP-000636,L01,C,2026-06-20,480,46,434,560,537,23,0.9042,0.7526,0.9589,0.6525
AP-000637,L05,A,2026-01-30,480,90,390,448,422,26,0.8125,0.7415,0.942,0.5675
AP-000638,L06,A,2026-02-17,480,83,397,670,651,19,0.8271,0.9212,0.9716,0.7403
AP-000639,L05,C,2026-06-27,480,96,384,478,469,9,0.8,0.7961,0.9812,0.6249
AP-000640,L04,B,2026-05-08,480,54,426,493,466,27,0.8875,0.7163,0.9452,0.6009
AP-000641,L05,C,2026-03-12,480,64,416,743,708,35,0.8667,0.9489,0.9529,0.7837
AP-000642,L03,C,2026-02-09,480,105,375,691,657,34,0.7812,0.9698,0.9508,0.7203
AP-000643,L01,A,2026-04-02,480,88,392,415,407,8,0.8167,0.7565,0.9807,0.6059
AP-000644,L01,A,2026-03-16,480,50,430,512,505,7,0.8958,0.7865,0.9863,0.6949
AP-000645,L02,C,2026-05-09,480,35,445,586,559,27,0.9271,0.9091,0.9539,0.804
AP-000646,L05,A,2026-05-18,480,80,400,425,419,6,0.8333,0.788,0.9859,0.6474
AP-000647,L01,B,2026-06-08,480,60,420,589,572,17,0.875,0.826,0.9711,0.7019
AP-000648,L05,C,2026-04-16,480,24,456,451,440,11,0.95,0.7066,0.9756,0.6549
AP-000649,L03,B,2026-04-15,480,42,438,676,652,24,0.9125,0.8736,0.9645,0.7689
AP-000650,L03,C,2026-05-11,480,75,405,726,690,36,0.8438,0.9526,0.9504,0.7639
AP-000651,L04,B,2026-03-06,480,16,464,575,539,36,0.9667,0.7515,0.9374,0.681
AP-000652,L02,C,2026-03-29,480,36,444,457,429,28,0.925,0.7445,0.9387,0.6464
AP-000653,L02,C,2026-05-23,480,118,362,496,466,30,0.7542,0.9135,0.9395,0.6473
AP-000654,L03,C,2026-06-12,480,88,392,435,403,32,0.8167,0.7484,0.9264,0.5662
AP-000655,L05,C,2026-02-01,480,16,464,649,605,44,0.9667,0.7781,0.9322,0.7012
AP-000656,L04,C,2026-02-13,480,4,476,788,733,55,0.9917,0.9934,0.9302,0.9164
AP-000657,L04,B,2026-05-04,480,20,460,690,679,11,0.9583,0.7905,0.9841,0.7455
AP-000658,L02,A,2026-01-27,480,98,382,557,548,9,0.7958,0.9843,0.9838,0.7706
AP-000659,L06,B,2026-01-08,480,94,386,728,686,42,0.8042,0.9927,0.9423,0.7523
AP-000660,L05,C,2026-03-18,480,60,420,679,660,19,0.875,0.9909,0.972,0.8428
AP-000661,L03,C,2026-01-19,480,18,462,820,807,13,0.9625,0.9186,0.9841,0.8701
AP-000662,L05,A,2026-05-24,480,14,466,828,769,59,0.9708,0.9701,0.9287,0.8746
AP-000663,L04,B,2026-04-25,480,39,441,488,477,11,0.9187,0.8205,0.9775,0.7368
AP-000664,L05,C,2026-01-13,480,11,469,560,540,20,0.9771,0.7165,0.9643,0.6751
AP-000665,L04,C,2026-05-08,480,28,452,554,512,42,0.9417,0.7587,0.9242,0.6603
AP-000666,L04,B,2026-04-30,480,85,395,555,525,30,0.8229,0.9928,0.9459,0.7728
AP-000667,L06,B,2026-02-13,480,77,403,676,624,52,0.8396,0.8535,0.9231,0.6615
AP-000668,L04,B,2026-06-08,480,50,430,583,553,30,0.8958,0.9148,0.9485,0.7773
AP-000669,L04,C,2026-01-20,480,1,479,628,591,37,0.9979,0.8035,0.9411,0.7546
AP-000670,L04,B,2026-06-15,480,11,469,667,634,33,0.9771,0.9184,0.9505,0.8529
AP-000671,L04,C,2026-02-21,480,36,444,627,619,8,0.925,0.9417,0.9872,0.8599
AP-000672,L01,A,2026-03-06,480,114,366,479,460,19,0.7625,0.7419,0.9603,0.5432
AP-000673,L03,A,2026-01-15,480,26,454,631,618,13,0.9458,0.8424,0.9794,0.7803
AP-000674,L04,C,2026-01-15,480,119,361,652,603,49,0.7521,0.9268,0.9248,0.6446
AP-000675,L06,C,2026-03-28,480,117,363,483,463,20,0.7562,0.8244,0.9586,0.5976
AP-000676,L03,C,2026-06-28,480,96,384,427,417,10,0.8,0.7598,0.9766,0.5936
AP-000677,L05,B,2026-04-27,480,62,418,540,508,32,0.8708,0.9468,0.9407,0.7756
AP-000678,L01,A,2026-06-12,480,63,417,736,688,48,0.8688,0.922,0.9348,0.7488
AP-000679,L04,A,2026-05-24,480,33,447,727,711,16,0.9313,0.9868,0.978,0.8988
AP-000680,L06,C,2026-02-14,480,83,397,535,510,25,0.8271,0.8251,0.9533,0.6506
AP-000681,L01,C,2026-01-22,480,31,449,446,418,28,0.9354,0.7358,0.9372,0.645
AP-000682,L03,C,2026-02-26,480,95,385,577,553,24,0.8021,0.8743,0.9584,0.6721
AP-000683,L03,C,2026-05-26,480,87,393,714,697,17,0.8187,0.9923,0.9762,0.7931
AP-000684,L05,A,2026-05-14,480,93,387,527,494,33,0.8063,0.7053,0.9374,0.5331
AP-000685,L03,A,2026-05-29,480,18,462,645,624,21,0.9625,0.8383,0.9674,0.7806
AP-000686,L03,A,2026-01-23,480,6,474,619,597,22,0.9875,0.8083,0.9645,0.7699
AP-000687,L05,A,2026-03-01,480,37,443,621,612,9,0.9229,0.8589,0.9855,0.7812
AP-000688,L02,C,2025-12-31,480,98,382,576,533,43,0.7958,0.755,0.9253,0.5559
AP-000689,L03,B,2026-06-27,480,41,439,693,670,23,0.9146,0.948,0.9668,0.8383
AP-000690,L02,A,2026-06-13,480,87,393,491,471,20,0.8187,0.7288,0.9593,0.5724
AP-000691,L04,B,2026-01-25,480,17,463,684,666,18,0.9646,0.7844,0.9737,0.7367
AP-000692,L02,A,2026-02-04,480,117,363,397,369,28,0.7562,0.7307,0.9295,0.5136
AP-000693,L05,C,2026-06-17,480,101,379,642,628,14,0.7896,0.884,0.9782,0.6828
AP-000694,L04,B,2026-05-13,480,91,389,678,661,17,0.8104,0.9107,0.9749,0.7195
AP-000695,L01,B,2026-01-12,480,117,363,373,346,27,0.7562,0.735,0.9276,0.5156
AP-000696,L04,C,2026-05-25,480,44,436,652,606,46,0.9083,0.9073,0.9294,0.7659
AP-000697,L06,A,2026-03-17,480,66,414,523,492,31,0.8625,0.7517,0.9407,0.6099
AP-000698,L02,B,2026-03-20,480,28,452,634,589,45,0.9417,0.957,0.929,0.8372
AP-000699,L06,A,2026-06-23,480,16,464,531,491,40,0.9667,0.7391,0.9247,0.6607
AP-000700,L01,A,2026-03-01,480,9,471,592,576,16,0.9812,0.9324,0.973,0.8902
AP-000701,L01,B,2026-03-11,480,13,467,598,571,27,0.9729,0.9379,0.9548,0.8712
AP-000702,L01,A,2026-03-16,480,15,465,530,498,32,0.9688,0.713,0.9396,0.649
AP-000703,L02,A,2026-04-19,480,100,380,537,501,36,0.7917,0.976,0.933,0.7209
AP-000704,L06,B,2026-05-30,480,85,395,475,441,34,0.8229,0.7088,0.9284,0.5415
AP-000705,L06,C,2026-03-03,480,74,406,556,544,12,0.8458,0.8057,0.9784,0.6667
AP-000706,L05,A,2026-05-28,480,30,450,731,677,54,0.9375,0.8711,0.9261,0.7563
AP-000707,L02,C,2026-02-19,480,67,413,585,577,8,0.8604,0.9147,0.9863,0.7762
AP-000708,L06,B,2026-04-25,480,0,480,672,661,11,1.0,0.9773,0.9836,0.9613
AP-000709,L01,A,2026-05-18,480,46,434,639,618,21,0.9042,0.7555,0.9671,0.6606
AP-000710,L05,A,2026-01-28,480,106,374,632,600,32,0.7792,0.9944,0.9494,0.7356
AP-000711,L04,A,2026-04-28,480,52,428,576,542,34,0.8917,0.9284,0.941,0.779
AP-000712,L03,C,2026-04-18,480,66,414,515,486,29,0.8625,0.8487,0.9437,0.6908
AP-000713,L04,B,2026-04-19,480,92,388,384,366,18,0.8083,0.7247,0.9531,0.5583
AP-000714,L04,A,2026-06-29,480,58,422,764,739,25,0.8792,0.9209,0.9673,0.7832
AP-000715,L02,A,2026-02-06,480,70,410,570,558,12,0.8542,0.7872,0.9789,0.6582
AP-000716,L01,C,2026-03-17,480,114,366,658,622,36,0.7625,0.9817,0.9453,0.7076
AP-000717,L06,A,2026-04-18,480,62,418,490,468,22,0.8708,0.8189,0.9551,0.6811
AP-000718,L01,C,2026-03-29,480,15,465,564,546,18,0.9688,0.8184,0.9681,0.7676
AP-000719,L03,A,2026-05-05,480,118,362,390,385,5,0.7542,0.7194,0.9872,0.5356
AP-000720,L06,B,2026-06-13,480,76,404,520,508,12,0.8417,0.7368,0.9769,0.6058
AP-000721,L06,B,2026-06-25,480,35,445,761,740,21,0.9271,0.8781,0.9724,0.7916
AP-000722,L04,C,2026-06-05,480,45,435,717,707,10,0.9062,0.9,0.9861,0.8042
AP-000723,L03,B,2026-01-28,480,35,445,614,569,45,0.9271,0.9304,0.9267,0.7993
AP-000724,L01,C,2026-06-15,480,63,417,580,539,41,0.8688,0.8885,0.9293,0.7174
AP-000725,L02,B,2026-03-22,480,6,474,563,519,44,0.9875,0.8494,0.9218,0.7732
AP-000726,L01,A,2026-04-12,480,77,403,500,481,19,0.8396,0.7458,0.962,0.6024
AP-000727,L02,B,2026-05-31,480,84,396,693,676,17,0.825,0.9303,0.9755,0.7487
AP-000728,L03,C,2026-01-06,480,84,396,620,581,39,0.825,0.8471,0.9371,0.6549
AP-000729,L04,A,2026-03-17,480,69,411,546,503,43,0.8562,0.9858,0.9212,0.7775
AP-000730,L04,A,2026-03-23,480,49,431,616,582,34,0.8979,0.7944,0.9448,0.6739
AP-000731,L03,C,2026-06-03,480,4,476,625,612,13,0.9917,0.867,0.9792,0.8419
AP-000732,L04,B,2026-05-04,480,21,459,704,663,41,0.9563,0.8292,0.9418,0.7468
AP-000733,L05,C,2026-01-05,480,97,383,483,460,23,0.7979,0.8707,0.9524,0.6617
AP-000734,L02,C,2026-02-12,480,69,411,668,640,28,0.8562,0.8409,0.9581,0.6898
AP-000735,L04,C,2026-06-04,480,7,473,644,619,25,0.9854,0.779,0.9612,0.7378
AP-000736,L01,A,2026-06-21,480,86,394,622,584,38,0.8208,0.9299,0.9389,0.7166
AP-000737,L06,C,2026-03-24,480,75,405,408,385,23,0.8438,0.7385,0.9436,0.588
AP-000738,L03,B,2026-01-03,480,3,477,765,709,56,0.9938,0.8024,0.9268,0.7391
AP-000739,L02,C,2026-01-17,480,52,428,521,488,33,0.8917,0.7169,0.9367,0.5988
AP-000740,L03,A,2026-04-28,480,39,441,623,603,20,0.9187,0.7255,0.9679,0.6451
AP-000741,L04,C,2026-03-22,480,43,437,462,435,27,0.9104,0.7059,0.9416,0.6051
AP-000742,L03,A,2026-05-27,480,110,370,574,564,10,0.7708,0.8704,0.9826,0.6592
AP-000743,L04,C,2026-02-14,480,89,391,628,621,7,0.8146,0.8764,0.9889,0.706
AP-000744,L01,C,2026-06-05,480,49,431,626,611,15,0.8979,0.8718,0.976,0.764
AP-000745,L06,B,2026-03-16,480,86,394,489,467,22,0.8208,0.8008,0.955,0.6277
AP-000746,L02,B,2026-05-12,480,21,459,719,710,9,0.9563,0.7899,0.9875,0.7459
AP-000747,L03,B,2026-03-14,480,81,399,531,508,23,0.8313,0.9521,0.9567,0.7572
AP-000748,L02,C,2026-04-01,480,6,474,781,740,41,0.9875,0.9989,0.9475,0.9346
AP-000749,L05,B,2026-06-13,480,95,385,499,479,20,0.8021,0.9153,0.9599,0.7047
AP-000750,L04,A,2026-02-23,480,34,446,543,519,24,0.9292,0.8699,0.9558,0.7726
AP-000751,L03,B,2026-06-02,480,44,436,546,513,33,0.9083,0.8955,0.9396,0.7643
AP-000752,L03,C,2026-04-14,480,84,396,597,566,31,0.825,0.794,0.9481,0.6211
AP-000753,L01,C,2026-04-20,480,65,415,679,650,29,0.8646,0.9015,0.9573,0.7462
AP-000754,L02,C,2026-05-16,480,90,390,704,676,28,0.8125,0.9588,0.9602,0.748
AP-000755,L05,B,2026-06-14,480,105,375,531,512,19,0.7812,0.7804,0.9642,0.5878
AP-000756,L02,B,2026-01-28,480,119,361,640,591,49,0.7521,0.918,0.9234,0.6375
AP-000757,L03,B,2026-02-22,480,59,421,482,468,14,0.8771,0.7721,0.971,0.6576
AP-000758,L06,A,2026-01-19,480,52,428,683,671,12,0.8917,0.9581,0.9824,0.8393
AP-000759,L02,B,2026-06-30,480,108,372,512,481,31,0.775,0.7801,0.9395,0.568
AP-000760,L02,A,2026-01-22,480,87,393,595,557,38,0.8187,0.7708,0.9361,0.5907
AP-000761,L04,C,2026-01-02,480,3,477,709,667,42,0.9938,0.9391,0.9408,0.878
AP-000762,L02,B,2026-01-07,480,55,425,677,624,53,0.8854,0.8941,0.9217,0.7297
AP-000763,L06,C,2026-01-07,480,17,463,485,473,12,0.9646,0.7775,0.9753,0.7315
AP-000764,L01,A,2026-03-31,480,22,458,619,590,29,0.9542,0.9891,0.9532,0.8996
AP-000765,L01,B,2026-05-28,480,110,370,416,391,25,0.7708,0.7942,0.9399,0.5754
AP-000766,L04,C,2026-03-24,480,114,366,566,555,11,0.7625,0.9015,0.9806,0.6741
AP-000767,L05,A,2026-02-09,480,107,373,421,404,17,0.7771,0.7708,0.9596,0.5748
AP-000768,L03,B,2026-01-20,480,66,414,795,783,12,0.8625,0.9849,0.9849,0.8366
AP-000769,L03,B,2026-01-17,480,113,367,401,372,29,0.7646,0.7714,0.9277,0.5472
AP-000770,L06,A,2026-06-02,480,106,374,671,655,16,0.7792,0.9212,0.9762,0.7007
AP-000771,L02,B,2026-01-09,480,119,361,492,456,36,0.7521,0.7654,0.9268,0.5335
AP-000772,L04,C,2026-05-11,480,56,424,581,558,23,0.8833,0.7763,0.9604,0.6586
AP-000773,L06,A,2026-06-09,480,47,433,499,473,26,0.9021,0.7949,0.9479,0.6797
AP-000774,L03,A,2026-03-13,480,35,445,533,517,16,0.9271,0.8089,0.97,0.7274
AP-000775,L01,C,2026-04-12,480,82,398,556,540,16,0.8292,0.7104,0.9712,0.5721
AP-000776,L06,C,2026-03-05,480,117,363,445,421,24,0.7562,0.7759,0.9461,0.5551
AP-000777,L04,B,2026-04-01,480,46,434,541,506,35,0.9042,0.8605,0.9353,0.7277
AP-000778,L03,A,2026-03-13,480,1,479,820,807,13,0.9979,0.9783,0.9841,0.9607
AP-000779,L02,B,2026-05-01,480,119,361,451,442,9,0.7521,0.7892,0.98,0.5817
AP-000780,L04,A,2026-06-24,480,80,400,642,625,17,0.8333,0.9638,0.9735,0.7819
AP-000781,L04,C,2026-06-01,480,35,445,596,587,9,0.9271,0.947,0.9849,0.8647
AP-000782,L01,A,2026-06-15,480,52,428,659,646,13,0.8917,0.9152,0.9803,0.8
AP-000783,L05,C,2026-03-14,480,89,391,532,502,30,0.8146,0.8519,0.9436,0.6548
AP-000784,L01,A,2026-05-06,480,104,376,663,630,33,0.7833,0.9213,0.9502,0.6857
AP-000785,L02,A,2026-05-19,480,82,398,536,522,14,0.8292,0.889,0.9739,0.7179
AP-000786,L01,A,2026-05-22,480,51,429,584,550,34,0.8938,0.8885,0.9418,0.7479
AP-000787,L06,A,2026-05-06,480,20,460,622,614,8,0.9583,0.8549,0.9871,0.8087
AP-000788,L03,B,2026-03-13,480,108,372,662,645,17,0.775,0.9057,0.9743,0.6839
AP-000789,L03,B,2026-03-07,480,61,419,478,462,16,0.8729,0.7782,0.9665,0.6565
AP-000790,L04,C,2026-01-02,480,25,455,531,495,36,0.9479,0.8243,0.9322,0.7284
AP-000791,L06,C,2026-02-12,480,28,452,600,590,10,0.9417,0.9844,0.9833,0.9115
AP-000792,L02,B,2026-06-16,480,80,400,609,601,8,0.8333,0.9721,0.9869,0.7994
AP-000793,L05,B,2026-04-30,480,89,391,419,403,16,0.8146,0.7149,0.9618,0.5601
AP-000794,L05,A,2026-05-14,480,19,461,644,600,44,0.9604,0.9874,0.9317,0.8835
AP-000795,L04,C,2026-06-24,480,1,479,749,737,12,0.9979,0.8305,0.984,0.8155
AP-000796,L03,B,2026-06-02,480,63,417,463,432,31,0.8688,0.7673,0.933,0.622
AP-000797,L02,C,2026-06-20,480,95,385,580,551,29,0.8021,0.8146,0.95,0.6207
AP-000798,L02,B,2026-06-08,480,27,453,679,633,46,0.9437,0.918,0.9323,0.8077
AP-000799,L02,C,2026-05-18,480,101,379,398,393,5,0.7896,0.7086,0.9874,0.5525
AP-000800,L04,A,2026-04-05,480,57,423,543,525,18,0.8812,0.8109,0.9669,0.6909
AP-000801,L06,B,2026-01-27,480,1,479,649,611,38,0.9979,0.74,0.9414,0.6952
AP-000802,L06,C,2026-06-04,480,87,393,556,539,17,0.8187,0.914,0.9694,0.7254
AP-000803,L03,A,2026-04-14,480,32,448,456,421,35,0.9333,0.7286,0.9232,0.6278
AP-000804,L05,C,2026-02-25,480,60,420,713,702,11,0.875,0.999,0.9846,0.8607
AP-000805,L04,B,2026-01-03,480,95,385,369,352,17,0.8021,0.7016,0.9539,0.5368
AP-000806,L01,C,2026-06-14,480,50,430,546,536,10,0.8958,0.7397,0.9817,0.6505
AP-000807,L03,B,2026-03-01,480,22,458,550,524,26,0.9542,0.751,0.9527,0.6827
AP-000808,L02,B,2026-02-18,480,16,464,522,499,23,0.9667,0.7952,0.9559,0.7348
AP-000809,L03,C,2026-04-21,480,14,466,553,513,40,0.9708,0.7132,0.9277,0.6423
AP-000810,L05,B,2026-01-01,480,46,434,607,595,12,0.9042,0.7849,0.9802,0.6957
AP-000811,L06,B,2026-03-27,480,66,414,573,533,40,0.8625,0.8307,0.9302,0.6665
AP-000812,L06,B,2026-02-18,480,97,383,492,484,8,0.7979,0.8667,0.9837,0.6803
AP-000813,L01,B,2026-05-20,480,6,474,541,506,35,0.9875,0.7446,0.9353,0.6877
AP-000814,L04,A,2026-04-18,480,33,447,611,580,31,0.9313,0.9118,0.9493,0.8061
AP-000815,L04,B,2026-03-03,480,56,424,718,688,30,0.8833,0.9966,0.9582,0.8435
AP-000816,L03,A,2026-06-27,480,14,466,509,471,38,0.9708,0.7371,0.9253,0.6621
AP-000817,L05,C,2026-05-04,480,106,374,518,506,12,0.7792,0.925,0.9768,0.704
AP-000818,L05,C,2026-01-11,480,74,406,550,543,7,0.8458,0.8751,0.9873,0.7308
AP-000819,L04,C,2026-01-09,480,23,457,788,738,50,0.9521,0.9761,0.9365,0.8703
AP-000820,L06,A,2026-03-23,480,12,468,557,539,18,0.975,0.7078,0.9677,0.6678
AP-000821,L03,A,2026-02-12,480,50,430,647,638,9,0.8958,0.8771,0.9861,0.7748
AP-000822,L04,B,2026-04-28,480,3,477,566,548,18,0.9938,0.8381,0.9682,0.8064
AP-000823,L01,C,2026-02-10,480,80,400,567,521,46,0.8333,0.8783,0.9189,0.6725
AP-000824,L06,C,2026-01-13,480,79,401,575,558,17,0.8354,0.7975,0.9704,0.6465
AP-000825,L03,B,2026-01-07,480,16,464,689,672,17,0.9667,0.959,0.9753,0.9042
AP-000826,L05,B,2026-03-29,480,102,378,482,461,21,0.7875,0.9231,0.9564,0.6952
AP-000827,L04,A,2026-03-09,480,11,469,637,596,41,0.9771,0.7765,0.9356,0.7099
AP-000828,L03,C,2026-03-01,480,2,478,554,539,15,0.9958,0.7489,0.9729,0.7255
AP-000829,L04,C,2026-05-17,480,96,384,419,399,20,0.8,0.7362,0.9523,0.5609
AP-000830,L03,C,2026-04-30,480,103,377,604,581,23,0.7854,0.9711,0.9619,0.7336
AP-000831,L04,B,2026-03-18,480,12,468,685,653,32,0.975,0.8538,0.9533,0.7936
AP-000832,L04,B,2026-05-10,480,34,446,758,702,56,0.9292,0.8801,0.9261,0.7574
AP-000833,L01,C,2026-03-09,480,78,402,506,480,26,0.8375,0.8302,0.9486,0.6596
AP-000834,L06,A,2026-06-24,480,43,437,716,691,25,0.9104,0.9029,0.9651,0.7933
AP-000835,L01,B,2026-02-21,480,119,361,573,553,20,0.7521,0.8582,0.9651,0.6229
AP-000836,L03,A,2026-03-19,480,59,421,543,530,13,0.8771,0.7238,0.9761,0.6197
AP-000837,L03,C,2026-04-15,480,16,464,729,697,32,0.9667,0.9525,0.9561,0.8804
AP-000838,L01,C,2026-01-21,480,6,474,656,605,51,0.9875,0.723,0.9223,0.6585
AP-000839,L05,B,2026-02-06,480,54,426,548,529,19,0.8875,0.7283,0.9653,0.6239
AP-000840,L01,A,2026-02-11,480,45,435,609,593,16,0.9062,0.8757,0.9737,0.7727
AP-000841,L04,A,2026-01-16,480,94,386,528,492,36,0.8042,0.7539,0.9318,0.5649
AP-000842,L05,C,2026-01-09,480,10,470,799,751,48,0.9792,0.963,0.9399,0.8863
AP-000843,L02,A,2026-04-03,480,58,422,673,631,42,0.8792,0.8871,0.9376,0.7313
AP-000844,L06,A,2026-04-24,480,23,457,598,575,23,0.9521,0.9241,0.9615,0.846
AP-000845,L01,A,2026-03-20,480,55,425,569,539,30,0.8854,0.7054,0.9473,0.5916
AP-000846,L06,C,2026-04-19,480,83,397,609,577,32,0.8271,0.838,0.9475,0.6567
AP-000847,L05,B,2026-06-02,480,77,403,589,575,14,0.8396,0.7908,0.9762,0.6482
AP-000848,L02,A,2026-02-24,480,88,392,645,597,48,0.8167,0.9414,0.9256,0.7116
AP-000849,L02,A,2026-05-02,480,24,456,624,604,20,0.95,0.9448,0.9679,0.8687
AP-000850,L04,C,2026-05-20,480,26,454,744,718,26,0.9458,0.8946,0.9651,0.8166
AP-000851,L04,A,2026-01-10,480,109,371,533,501,32,0.7729,0.7573,0.94,0.5502
AP-000852,L02,C,2026-02-04,480,60,420,529,492,37,0.875,0.7065,0.9301,0.575
AP-000853,L04,C,2026-03-11,480,89,391,696,663,33,0.8146,0.9892,0.9526,0.7676
AP-000854,L04,A,2026-05-21,480,31,449,542,530,12,0.9354,0.7884,0.9779,0.7212
AP-000855,L04,B,2026-03-15,480,42,438,426,417,9,0.9125,0.7308,0.9789,0.6528
AP-000856,L05,B,2026-02-13,480,108,372,633,608,25,0.775,0.9211,0.9605,0.6857
AP-000857,L06,C,2026-06-04,480,4,476,722,690,32,0.9917,0.8199,0.9557,0.7771
AP-000858,L01,B,2026-05-01,480,119,361,513,474,39,0.7521,0.7696,0.924,0.5348
AP-000859,L06,B,2026-01-12,480,73,407,587,551,36,0.8479,0.866,0.9387,0.6893
AP-000860,L06,B,2026-03-15,480,113,367,494,476,18,0.7646,0.7351,0.9636,0.5416
AP-000861,L02,B,2026-04-10,480,57,423,532,500,32,0.8812,0.7062,0.9398,0.5848
AP-000862,L06,B,2026-03-16,480,44,436,604,564,40,0.9083,0.7696,0.9338,0.6528
AP-000863,L04,A,2026-02-21,480,117,363,682,661,21,0.7562,0.956,0.9692,0.7007
AP-000864,L04,C,2026-04-11,480,113,367,549,520,29,0.7646,0.9169,0.9472,0.664
AP-000865,L02,C,2026-05-12,480,83,397,639,623,16,0.8271,0.9388,0.975,0.7571
AP-000866,L04,A,2026-02-16,480,26,454,672,622,50,0.9458,0.9072,0.9256,0.7942
AP-000867,L04,B,2026-06-03,480,22,458,524,500,24,0.9542,0.7469,0.9542,0.6801
AP-000868,L01,B,2026-05-26,480,38,442,533,492,41,0.9208,0.7628,0.9231,0.6484
AP-000869,L05,A,2026-04-06,480,112,368,475,442,33,0.7667,0.8071,0.9305,0.5758
AP-000870,L02,A,2026-03-30,480,103,377,422,391,31,0.7854,0.8013,0.9265,0.5831
AP-000871,L03,A,2026-04-12,480,71,409,542,536,6,0.8521,0.8459,0.9889,0.7128
AP-000872,L06,C,2026-02-05,480,98,382,571,531,40,0.7958,0.7802,0.9299,0.5774
AP-000873,L04,B,2026-06-26,480,77,403,526,518,8,0.8396,0.9119,0.9848,0.754
AP-000874,L05,A,2026-01-12,480,107,373,536,522,14,0.7771,0.9924,0.9739,0.7511
AP-000875,L06,A,2026-05-10,480,105,375,512,474,38,0.7812,0.7126,0.9258,0.5154
AP-000876,L03,C,2026-03-03,480,111,369,556,517,39,0.7688,0.9733,0.9299,0.6958
AP-000877,L02,C,2026-02-02,480,56,424,672,659,13,0.8833,0.8495,0.9807,0.7359
AP-000878,L02,B,2026-04-29,480,46,434,690,640,50,0.9042,0.9457,0.9275,0.7931
AP-000879,L03,B,2026-04-23,480,53,427,440,429,11,0.8896,0.7736,0.975,0.671
AP-000880,L04,B,2026-05-22,480,64,416,452,427,25,0.8667,0.7256,0.9447,0.5941
AP-000881,L04,A,2026-05-05,480,80,400,472,459,13,0.8333,0.7455,0.9725,0.6041
AP-000882,L04,C,2026-02-06,480,17,463,680,645,35,0.9646,0.824,0.9485,0.7539
AP-000883,L01,C,2026-01-13,480,101,379,639,607,32,0.7896,0.9831,0.9499,0.7374
AP-000884,L03,B,2026-06-30,480,103,377,698,646,52,0.7854,0.9831,0.9255,0.7146
AP-000885,L01,C,2026-06-13,480,98,382,475,450,25,0.7958,0.8302,0.9474,0.6259
AP-000886,L06,C,2026-06-21,480,118,362,521,481,40,0.7542,0.9708,0.9232,0.6759
AP-000887,L06,C,2026-06-29,480,102,378,706,670,36,0.7875,0.9918,0.949,0.7412
AP-000888,L03,A,2026-04-03,480,70,410,619,583,36,0.8542,0.9165,0.9418,0.7373
AP-000889,L02,C,2026-05-19,480,105,375,588,566,22,0.7812,0.9701,0.9626,0.7295
AP-000890,L05,C,2026-02-18,480,51,429,689,676,13,0.8938,0.8932,0.9811,0.7833
AP-000891,L06,B,2026-05-29,480,83,397,649,637,12,0.8271,0.9092,0.9815,0.7381
AP-000892,L05,B,2026-03-17,480,99,381,563,521,42,0.7937,0.9643,0.9254,0.7083
AP-000893,L02,A,2026-06-17,480,49,431,541,518,23,0.8979,0.8561,0.9575,0.736
AP-000894,L06,A,2026-02-21,480,65,415,631,595,36,0.8646,0.7937,0.9429,0.647
AP-000895,L03,A,2026-02-10,480,2,478,624,597,27,0.9958,0.9671,0.9567,0.9213
AP-000896,L01,C,2026-03-24,480,106,374,566,559,7,0.7792,0.918,0.9876,0.7064
AP-000897,L01,A,2026-02-17,480,7,473,631,602,29,0.9854,0.7779,0.954,0.7313
AP-000898,L01,B,2026-04-12,480,96,384,464,445,19,0.8,0.8346,0.9591,0.6404
AP-000899,L05,C,2026-03-30,480,43,437,651,643,8,0.9104,0.9416,0.9877,0.8467
AP-000900,L02,B,2026-05-25,480,114,366,658,644,14,0.7625,0.8997,0.9787,0.6714
AP-000901,L05,C,2026-04-27,480,38,442,649,634,15,0.9208,0.9001,0.9769,0.8097
AP-000902,L03,C,2026-02-21,480,17,463,686,643,43,0.9646,0.8559,0.9373,0.7738
AP-000903,L01,A,2026-05-22,480,74,406,589,556,33,0.8458,0.9469,0.944,0.756
AP-000904,L01,B,2026-05-21,480,91,389,658,609,49,0.8104,0.9485,0.9255,0.7114
AP-000905,L03,C,2026-04-23,480,113,367,453,430,23,0.7646,0.8429,0.9492,0.6117
AP-000906,L04,B,2026-04-19,480,67,413,633,605,28,0.8604,0.8765,0.9558,0.7208
AP-000907,L06,B,2026-01-05,480,74,406,669,662,7,0.8458,0.8909,0.9895,0.7456
AP-000908,L02,B,2026-01-04,480,93,387,647,601,46,0.8063,0.9471,0.9289,0.7094
AP-000909,L05,A,2026-05-26,480,91,389,522,505,17,0.8104,0.7388,0.9674,0.5792
AP-000910,L02,C,2026-05-03,480,88,392,508,468,40,0.8167,0.8366,0.9213,0.6295
AP-000911,L01,B,2026-01-21,480,47,433,552,523,29,0.9021,0.8805,0.9475,0.7526
AP-000912,L03,B,2026-05-04,480,73,407,473,440,33,0.8479,0.7121,0.9302,0.5616
AP-000913,L02,A,2026-04-17,480,47,433,563,519,44,0.9021,0.7882,0.9218,0.6554
AP-000914,L03,B,2026-04-26,480,100,380,612,603,9,0.7917,0.8265,0.9853,0.6447
AP-000915,L01,C,2026-06-14,480,27,453,649,619,30,0.9437,0.9457,0.9538,0.8512
AP-000916,L05,B,2026-01-19,480,44,436,586,556,30,0.9083,0.9611,0.9488,0.8283
AP-000917,L04,C,2026-04-15,480,72,408,712,693,19,0.85,0.9701,0.9733,0.8026
AP-000918,L06,B,2026-03-19,480,106,374,544,505,39,0.7792,0.7398,0.9283,0.5351
AP-000919,L06,B,2026-02-18,480,97,383,620,576,44,0.7979,0.9002,0.929,0.6673
AP-000920,L02,B,2026-02-19,480,11,469,836,793,43,0.9771,0.8994,0.9486,0.8336
AP-000921,L04,C,2026-01-28,480,43,437,592,572,20,0.9104,0.7137,0.9662,0.6278
AP-000922,L05,C,2026-05-30,480,35,445,605,586,19,0.9271,0.9598,0.9686,0.8619
AP-000923,L05,A,2026-05-13,480,101,379,542,503,39,0.7896,0.8683,0.928,0.6362
AP-000924,L05,C,2026-04-04,480,24,456,780,758,22,0.95,0.8626,0.9718,0.7964
AP-000925,L06,C,2026-06-04,480,24,456,711,655,56,0.95,0.8508,0.9212,0.7446
AP-000926,L06,C,2026-01-02,480,23,457,482,450,32,0.9521,0.7825,0.9336,0.6955
AP-000927,L04,C,2026-02-15,480,56,424,565,543,22,0.8833,0.9421,0.9611,0.7998
AP-000928,L04,A,2026-04-05,480,5,475,842,776,66,0.9896,0.9586,0.9216,0.8743
AP-000929,L03,A,2026-06-11,480,53,427,552,520,32,0.8896,0.9579,0.942,0.8027
AP-000930,L02,B,2026-05-28,480,14,466,576,541,35,0.9708,0.8625,0.9392,0.7864
AP-000931,L06,A,2026-03-28,480,98,382,403,397,6,0.7958,0.7463,0.9851,0.5851
AP-000932,L06,A,2026-05-25,480,7,473,927,864,63,0.9854,0.9883,0.932,0.9076
AP-000933,L03,B,2026-01-13,480,38,442,558,518,40,0.9208,0.7296,0.9283,0.6236
AP-000934,L05,C,2026-01-09,480,48,432,448,419,29,0.9,0.7156,0.9353,0.6024
AP-000935,L01,B,2026-06-25,480,30,450,709,677,32,0.9375,0.8526,0.9549,0.7633
AP-000936,L04,A,2026-03-24,480,7,473,661,626,35,0.9854,0.8394,0.947,0.7833
AP-000937,L03,C,2026-06-09,480,52,428,659,647,12,0.8917,0.7701,0.9818,0.6742
AP-000938,L02,B,2026-02-23,480,75,405,449,430,19,0.8438,0.7739,0.9577,0.6254
AP-000939,L05,A,2026-02-04,480,72,408,600,587,13,0.85,0.8338,0.9783,0.6934
AP-000940,L02,C,2026-04-14,480,100,380,457,451,6,0.7917,0.812,0.9869,0.6344
AP-000941,L04,C,2026-05-09,480,54,426,682,627,55,0.8875,0.8355,0.9194,0.6817
AP-000942,L04,B,2026-01-02,480,37,443,465,458,7,0.9229,0.7002,0.9849,0.6365
AP-000943,L03,C,2026-02-26,480,76,404,615,582,33,0.8417,0.9518,0.9463,0.7581
AP-000944,L02,C,2026-03-23,480,27,453,841,790,51,0.9437,0.9522,0.9394,0.8441
AP-000945,L06,A,2026-06-04,480,68,412,574,531,43,0.8583,0.721,0.9251,0.5725
AP-000946,L04,A,2026-05-09,480,106,374,503,497,6,0.7792,0.9175,0.9881,0.7064
AP-000947,L06,B,2026-04-28,480,78,402,740,697,43,0.8375,0.9872,0.9419,0.7787
AP-000948,L03,A,2026-02-25,480,81,399,634,614,20,0.8313,0.9939,0.9685,0.8002
AP-000949,L05,B,2026-05-02,480,84,396,529,503,26,0.825,0.8025,0.9509,0.6296
AP-000950,L04,A,2026-01-14,480,2,478,626,576,50,0.9958,0.8939,0.9201,0.819
AP-000951,L06,C,2026-01-15,480,115,365,438,415,23,0.7604,0.9018,0.9475,0.6497
AP-000952,L06,C,2026-05-05,480,62,418,630,614,16,0.8708,0.8614,0.9746,0.7311
AP-000953,L06,B,2026-04-10,480,9,471,634,620,14,0.9812,0.7093,0.9779,0.6806
AP-000954,L05,B,2026-05-24,480,86,394,460,449,11,0.8208,0.8059,0.9761,0.6457
AP-000955,L01,A,2026-06-21,480,49,431,622,607,15,0.8979,0.9517,0.9759,0.8339
AP-000956,L02,C,2026-04-11,480,59,421,708,673,35,0.8771,0.9809,0.9506,0.8178
AP-000957,L02,A,2026-04-30,480,2,478,698,676,22,0.9958,0.9042,0.9685,0.872
AP-000958,L02,A,2026-05-30,480,104,376,661,645,16,0.7833,0.8876,0.9758,0.6784
AP-000959,L06,C,2026-03-26,480,63,417,508,484,24,0.8688,0.711,0.9528,0.5886
AP-000960,L06,B,2026-04-24,480,77,403,438,433,5,0.8396,0.7021,0.9886,0.5828
AP-000961,L05,A,2026-01-14,480,14,466,655,625,30,0.9708,0.8707,0.9542,0.8066
AP-000962,L02,A,2026-06-06,480,84,396,690,663,27,0.825,0.9017,0.9609,0.7148
AP-000963,L05,A,2026-03-19,480,75,405,548,509,39,0.8438,0.9238,0.9288,0.724
AP-000964,L06,A,2026-03-24,480,112,368,636,597,39,0.7667,0.9187,0.9387,0.6612
AP-000965,L04,A,2026-04-10,480,88,392,658,636,22,0.8167,0.8843,0.9666,0.6981
AP-000966,L01,B,2026-02-19,480,120,360,572,564,8,0.75,0.8923,0.986,0.6599
AP-000967,L04,B,2026-01-23,480,55,425,587,567,20,0.8854,0.7822,0.9659,0.6689
AP-000968,L02,A,2026-05-15,480,46,434,758,744,14,0.9042,0.9277,0.9815,0.8233
AP-000969,L04,A,2026-04-29,480,35,445,675,635,40,0.9271,0.8597,0.9407,0.7498
AP-000970,L06,A,2026-05-04,480,42,438,598,583,15,0.9125,0.964,0.9749,0.8576
AP-000971,L02,A,2026-03-09,480,88,392,690,679,11,0.8167,0.9873,0.9841,0.7935
AP-000972,L01,B,2026-05-29,480,42,438,519,500,19,0.9125,0.7189,0.9634,0.632
AP-000973,L03,B,2026-03-04,480,55,425,503,484,19,0.8854,0.8778,0.9622,0.7478
AP-000974,L01,B,2026-01-21,480,31,449,541,534,7,0.9354,0.8421,0.9871,0.7775
AP-000975,L05,B,2026-03-19,480,66,414,644,627,17,0.8625,0.9831,0.9736,0.8255
AP-000976,L01,A,2026-06-26,480,97,383,487,467,20,0.7979,0.8876,0.9589,0.6791
AP-000977,L06,A,2026-01-13,480,117,363,403,395,8,0.7562,0.8132,0.9801,0.6027
AP-000978,L01,B,2026-05-01,480,100,380,400,390,10,0.7917,0.7186,0.975,0.5547
AP-000979,L01,C,2026-06-30,480,78,402,666,617,49,0.8375,0.8296,0.9264,0.6437
AP-000980,L05,B,2026-02-02,480,6,474,739,700,39,0.9875,0.955,0.9472,0.8933
AP-000981,L04,B,2026-01-18,480,29,451,830,799,31,0.9396,0.9362,0.9627,0.8468
AP-000982,L03,C,2026-02-14,480,59,421,723,696,27,0.8771,0.964,0.9627,0.814
AP-000983,L02,A,2026-04-25,480,120,360,406,382,24,0.75,0.8362,0.9409,0.5901
AP-000984,L02,C,2026-06-22,480,13,467,547,505,42,0.9729,0.8786,0.9232,0.7891
AP-000985,L04,C,2026-02-24,480,16,464,791,747,44,0.9667,0.8527,0.9444,0.7785
AP-000986,L01,A,2026-03-14,480,79,401,545,506,39,0.8354,0.7558,0.9284,0.5862
AP-000987,L06,B,2026-06-13,480,16,464,670,640,30,0.9667,0.8754,0.9552,0.8083
AP-000988,L02,B,2026-03-04,480,39,441,830,808,22,0.9187,0.9656,0.9735,0.8636
AP-000989,L01,C,2026-06-09,480,39,441,696,658,38,0.9187,0.8029,0.9454,0.6973
AP-000990,L05,A,2026-01-21,480,75,405,430,410,20,0.8438,0.7172,0.9535,0.577
AP-000991,L02,A,2026-03-12,480,54,426,549,512,37,0.8875,0.7586,0.9326,0.6279
AP-000992,L04,C,2026-01-31,480,43,437,603,584,19,0.9104,0.9004,0.9685,0.7939
AP-000993,L03,C,2026-05-04,480,88,392,630,604,26,0.8167,0.9556,0.9587,0.7482
AP-000994,L01,B,2026-02-10,480,38,442,623,577,46,0.9208,0.7986,0.9262,0.6811
AP-000995,L04,C,2026-02-26,480,28,452,537,520,17,0.9417,0.8916,0.9683,0.813
AP-000996,L03,C,2026-04-23,480,27,453,605,589,16,0.9437,0.8442,0.9736,0.7756
AP-000997,L01,B,2026-05-13,480,48,432,549,536,13,0.9,0.8201,0.9763,0.7206
AP-000998,L02,B,2026-02-10,480,1,479,541,518,23,0.9979,0.8074,0.9575,0.7715
AP-000999,L03,A,2026-02-23,480,56,424,578,568,10,0.8833,0.8894,0.9827,0.772
AP-001000,L03,C,2026-04-27,480,3,477,555,517,38,0.9938,0.7593,0.9315,0.7029
