op_id,produto_codigo,familia,linha,quantidade_planejada,quantidade_produzida,data_abertura,data_prevista,data_encerramento,lead_time_previsto_dias,lead_time_real_dias,status,turno
OP-00001,MP-0020,Fixadores,L01,1276,708,2026-04-09 18:34:56,2026-04-13 18:34:56,2026-04-13 22:06:07.814609,4,4.1,Em andamento,B
OP-00002,MP-0003,Perfis,L03,540,163,2026-01-07 13:41:54,2026-01-09 13:41:54,2026-01-08 13:41:54.000000,2,1.0,Concluída,A
OP-00003,MP-0073,Chapas,L05,1618,302,2026-02-06 17:46:56,2026-02-08 17:46:56,2026-02-10 05:26:40.310503,2,3.5,Concluída,A
OP-00004,MP-0085,Tubos,L02,592,1125,2026-06-02 08:18:08,2026-06-07 08:18:08,2026-06-08 05:35:27.480191,5,5.9,Em andamento,C
OP-00005,MP-0055,Especiais,L06,688,862,2026-04-05 14:04:35,2026-04-08 14:04:35,2026-04-10 20:33:11.716274,3,5.3,Concluída,C
OP-00006,MP-0084,Tubos,L05,974,292,2026-01-11 06:41:43,2026-01-15 06:41:43,2026-01-14 04:36:16.888588,4,2.9,Atrasada,A
OP-00007,MP-0029,Estruturas,L05,501,59,2026-04-20 08:33:02,2026-04-22 08:33:02,2026-04-21 08:33:02.000000,2,1.0,Concluída,A
OP-00008,MP-0091,Estruturas,L02,188,1899,2026-03-12 23:38:44,2026-03-19 23:38:44,2026-03-21 16:26:50.617927,7,8.7,Concluída,A
OP-00009,MP-0043,Especiais,L02,1154,315,2026-02-09 04:04:28,2026-02-11 04:04:28,2026-02-10 04:04:28.000000,2,1.0,Atrasada,C
OP-00010,MP-0074,Fixadores,L02,1656,1013,2026-02-10 15:18:48,2026-02-16 15:18:48,2026-02-16 12:43:46.764231,6,5.9,Atrasada,B
OP-00011,MP-0025,Estruturas,L04,1006,1814,2026-05-12 19:32:29,2026-05-14 19:32:29,2026-05-16 02:54:01.794983,2,3.3,Atrasada,C
OP-00012,MP-0007,Tubos,L01,874,1536,2026-04-26 11:44:24,2026-05-03 11:44:24,2026-05-04 09:36:44.732057,7,7.9,Concluída,B
OP-00013,MP-0014,Especiais,L04,425,615,2026-05-28 10:03:43,2026-05-31 10:03:43,2026-06-01 02:04:34.611243,3,3.7,Concluída,B
OP-00014,MP-0032,Estruturas,L04,1704,1809,2026-03-05 03:51:49,2026-03-13 03:51:49,2026-03-14 21:31:20.814221,8,9.7,Concluída,C
OP-00015,MP-0013,Tubos,L01,1947,1588,2026-04-25 21:36:15,2026-04-27 21:36:15,2026-04-26 21:36:15.000000,2,1.0,Concluída,A
OP-00016,MP-0022,Perfis,L04,487,1815,2026-04-28 01:22:26,2026-05-03 01:22:26,2026-05-01 12:41:45.769530,5,3.5,Atrasada,B
OP-00017,MP-0008,Tubos,L04,634,911,2026-06-01 06:00:42,2026-06-04 06:00:42,2026-06-02 06:00:42.000000,3,1.0,Concluída,C
OP-00018,MP-0094,Especiais,L06,1521,1041,2026-03-09 12:45:11,2026-03-17 12:45:11,2026-03-20 12:50:30.812444,8,11.0,Em andamento,A
OP-00019,MP-0025,Estruturas,L01,1581,687,2026-07-01 08:19:43,2026-07-05 08:19:43,2026-07-05 10:50:51.410407,4,4.1,Em andamento,A
OP-00020,MP-0007,Tubos,L05,1932,1791,2026-03-09 08:43:30,2026-03-15 08:43:30,2026-03-15 20:57:59.764284,6,6.5,Atrasada,C
OP-00021,MP-0021,Chapas,L01,1268,184,2026-02-04 01:51:44,2026-02-06 01:51:44,2026-02-06 16:07:46.664538,2,2.6,Concluída,C
OP-00022,MP-0031,Estruturas,L05,554,1230,2026-02-19 05:15:12,2026-02-24 05:15:12,2026-02-24 01:39:51.914797,5,4.9,Concluída,C
OP-00023,MP-0006,Especiais,L05,697,1959,2026-04-29 17:53:25,2026-05-05 17:53:25,2026-05-07 15:44:37.347505,6,7.9,Em andamento,B
OP-00024,MP-0027,Perfis,L02,593,855,2026-03-14 00:28:51,2026-03-21 00:28:51,2026-03-22 02:26:17.792743,7,8.1,Concluída,A
OP-00025,MP-0086,Estruturas,L01,988,1317,2026-01-22 19:58:33,2026-01-29 19:58:33,2026-01-29 10:16:38.816187,7,6.6,Concluída,C
OP-00026,MP-0013,Tubos,L02,1086,588,2026-04-27 17:55:53,2026-04-29 17:55:53,2026-04-30 23:46:54.517683,2,3.2,Em andamento,A
OP-00027,MP-0045,Perfis,L04,1757,1157,2026-02-21 12:54:44,2026-02-23 12:54:44,2026-02-24 14:00:35.412826,2,3.0,Concluída,C
OP-00028,MP-0039,Perfis,L01,1417,1718,2026-03-16 04:01:18,2026-03-22 04:01:18,2026-03-21 04:14:09.392040,6,5.0,Em andamento,C
OP-00029,MP-0039,Perfis,L01,1872,264,2026-01-02 13:19:57,2026-01-09 13:19:57,2026-01-12 00:05:40.526829,7,9.4,Concluída,C
OP-00030,MP-0071,Especiais,L03,1288,476,2026-06-26 10:04:56,2026-06-29 10:04:56,2026-07-01 06:49:57.295656,3,4.9,Concluída,C
OP-00031,MP-0044,Perfis,L04,564,1899,2026-02-11 16:20:15,2026-02-14 16:20:15,2026-02-13 13:21:46.103495,3,1.9,Em andamento,A
OP-00032,MP-0012,Tubos,L03,140,52,2026-01-02 21:36:20,2026-01-09 21:36:20,2026-01-07 04:29:10.347034,7,4.3,Atrasada,B
OP-00033,MP-0099,Especiais,L05,1495,920,2026-06-13 14:55:07,2026-06-16 14:55:07,2026-06-15 20:38:37.684506,3,2.2,Atrasada,C
OP-00034,MP-0002,Estruturas,L06,1901,350,2026-01-07 17:56:48,2026-01-09 17:56:48,2026-01-08 20:39:16.442566,2,1.1,Concluída,C
OP-00035,MP-0005,Especiais,L02,135,676,2026-06-04 14:48:44,2026-06-12 14:48:44,2026-06-11 07:43:26.428972,8,6.7,Atrasada,B
OP-00036,MP-0006,Especiais,L06,561,1410,2026-01-23 13:25:04,2026-01-27 13:25:04,2026-01-28 22:51:06.833375,4,5.4,Concluída,A
OP-00037,MP-0046,Fixadores,L06,366,1940,2026-03-03 09:22:09,2026-03-11 09:22:09,2026-03-08 13:07:35.803502,8,5.2,Em andamento,A
OP-00038,MP-0021,Chapas,L04,100,412,2026-03-26 06:38:51,2026-04-03 06:38:51,2026-04-02 03:41:10.026751,8,6.9,Concluída,C
OP-00039,MP-0043,Especiais,L03,376,1657,2026-02-19 21:46:31,2026-02-27 21:46:31,2026-03-02 08:33:39.634179,8,10.4,Concluída,C
OP-00040,MP-0014,Especiais,L04,505,453,2026-05-28 00:04:35,2026-06-02 00:04:35,2026-05-31 20:46:52.058767,5,3.9,Concluída,B
OP-00041,MP-0045,Perfis,L01,1401,440,2026-05-09 02:02:24,2026-05-13 02:02:24,2026-05-14 09:18:08.952095,4,5.3,Concluída,B
OP-00042,MP-0043,Especiais,L03,769,1358,2026-01-27 22:40:13,2026-01-31 22:40:13,2026-01-29 04:48:40.165889,4,1.3,Concluída,C
OP-00043,MP-0052,Fixadores,L01,1846,579,2026-03-17 03:30:10,2026-03-24 03:30:10,2026-03-25 23:48:59.950044,7,8.8,Concluída,A
OP-00044,MP-0075,Tubos,L01,1271,934,2026-01-26 00:37:42,2026-01-30 00:37:42,2026-01-29 19:21:18.420804,4,3.8,Concluída,B
OP-00045,MP-0094,Especiais,L01,838,1887,2026-03-23 20:31:09,2026-03-31 20:31:09,2026-03-31 01:22:31.725641,8,7.2,Em andamento,C
OP-00046,MP-0025,Estruturas,L06,943,48,2026-05-30 03:22:38,2026-06-03 03:22:38,2026-06-05 00:38:38.898443,4,5.9,Concluída,C
OP-00047,MP-0069,Especiais,L03,933,188,2026-01-08 21:24:02,2026-01-15 21:24:02,2026-01-15 10:05:20.152582,7,6.5,Concluída,C
OP-00048,MP-0043,Especiais,L06,1786,300,2026-04-13 01:08:01,2026-04-19 01:08:01,2026-04-16 14:58:06.725349,6,3.6,Concluída,C
OP-00049,MP-0039,Perfis,L06,655,1180,2026-01-08 13:51:34,2026-01-14 13:51:34,2026-01-14 00:26:06.368566,6,5.4,Atrasada,A
OP-00050,MP-0025,Estruturas,L06,1582,1893,2026-02-28 03:51:51,2026-03-05 03:51:51,2026-03-06 14:13:13.944563,5,6.4,Atrasada,A
OP-00051,MP-0079,Especiais,L03,637,475,2026-02-02 08:55:57,2026-02-08 08:55:57,2026-02-07 18:39:25.431941,6,5.4,Concluída,B
OP-00052,MP-0075,Tubos,L04,954,950,2026-01-17 18:20:30,2026-01-23 18:20:30,2026-01-25 13:24:02.897629,6,7.8,Concluída,C
OP-00053,MP-0028,Perfis,L06,223,626,2026-01-22 03:42:13,2026-01-28 03:42:13,2026-01-24 23:20:47.239136,6,2.8,Concluída,C
OP-00054,MP-0085,Tubos,L03,241,1721,2026-02-01 04:52:32,2026-02-08 04:52:32,2026-02-08 17:51:46.904656,7,7.5,Em andamento,A
OP-00055,MP-0087,Especiais,L01,551,1018,2026-04-11 18:11:27,2026-04-15 18:11:27,2026-04-15 21:59:50.461430,4,4.2,Concluída,C
OP-00056,MP-0099,Especiais,L04,1864,1334,2026-03-19 23:52:34,2026-03-21 23:52:34,2026-03-22 23:33:47.736323,2,3.0,Atrasada,C
OP-00057,MP-0025,Estruturas,L02,1393,1453,2026-06-13 19:01:30,2026-06-20 19:01:30,2026-06-20 05:07:13.439921,7,6.4,Concluída,A
OP-00058,MP-0097,Estruturas,L04,498,405,2026-03-09 16:21:08,2026-03-17 16:21:08,2026-03-16 00:40:28.568655,8,6.3,Concluída,C
OP-00059,MP-0067,Fixadores,L04,323,1686,2026-01-05 23:39:56,2026-01-10 23:39:56,2026-01-12 01:34:34.318119,5,6.1,Concluída,B
OP-00060,MP-0086,Estruturas,L05,699,1990,2026-01-15 04:47:35,2026-01-21 04:47:35,2026-01-21 13:15:04.530741,6,6.4,Em andamento,B
OP-00061,MP-0079,Especiais,L04,1887,370,2026-02-02 07:59:37,2026-02-10 07:59:37,2026-02-09 23:48:18.487357,8,7.7,Em andamento,C
OP-00062,MP-0061,Perfis,L02,1770,1350,2026-04-01 03:06:53,2026-04-06 03:06:53,2026-04-04 09:13:41.746281,5,3.3,Concluída,B
OP-00063,MP-0099,Especiais,L04,208,1506,2026-05-09 03:25:30,2026-05-17 03:25:30,2026-05-15 01:20:08.303272,8,5.9,Concluída,B
OP-00064,MP-0031,Estruturas,L03,1878,1151,2026-05-13 08:50:23,2026-05-17 08:50:23,2026-05-17 02:05:45.309908,4,3.7,Concluída,A
OP-00065,MP-0018,Perfis,L01,899,879,2026-03-23 15:41:04,2026-03-26 15:41:04,2026-03-26 22:11:30.548402,3,3.3,Concluída,B
OP-00066,MP-0070,Tubos,L01,473,1750,2026-02-12 21:13:36,2026-02-17 21:13:36,2026-02-20 04:14:28.294246,5,7.3,Atrasada,B
OP-00067,MP-0050,Especiais,L04,1026,57,2026-06-27 18:45:50,2026-07-05 18:45:50,2026-07-03 18:48:50.865269,8,6.0,Em andamento,B
OP-00068,MP-0039,Perfis,L04,1152,1575,2026-02-21 05:43:43,2026-03-01 05:43:43,2026-02-28 01:44:39.429681,8,6.8,Atrasada,C
OP-00069,MP-0070,Tubos,L03,942,1039,2026-04-21 05:50:50,2026-04-29 05:50:50,2026-04-28 09:35:50.989157,8,7.2,Concluída,A
OP-00070,MP-0050,Especiais,L06,388,1766,2026-06-28 06:55:27,2026-07-02 06:55:27,2026-07-01 15:34:11.908754,4,3.4,Atrasada,B
OP-00071,MP-0017,Chapas,L05,1407,100,2026-05-22 18:12:10,2026-05-28 18:12:10,2026-05-25 13:32:56.095358,6,2.8,Em andamento,A
OP-00072,MP-0083,Tubos,L04,422,147,2026-04-24 02:35:02,2026-04-29 02:35:02,2026-04-28 09:53:32.482128,5,4.3,Concluída,B
OP-00073,MP-0049,Estruturas,L03,1590,1993,2026-03-28 13:17:01,2026-04-01 13:17:01,2026-04-01 20:55:29.543486,4,4.3,Atrasada,B
OP-00074,MP-0033,Perfis,L04,89,1579,2026-04-25 18:19:13,2026-05-03 18:19:13,2026-05-05 01:25:28.342454,8,9.3,Concluída,C
OP-00075,MP-0007,Tubos,L01,1994,551,2026-03-06 09:51:05,2026-03-10 09:51:05,2026-03-10 12:02:25.220470,4,4.1,Concluída,A
OP-00076,MP-0003,Perfis,L02,308,1014,2026-04-07 22:56:26,2026-04-13 22:56:26,2026-04-14 12:20:13.083330,6,6.6,Concluída,C
OP-00077,MP-0015,Especiais,L03,393,1285,2026-06-06 05:46:30,2026-06-12 05:46:30,2026-06-13 19:53:31.303887,6,7.6,Concluída,C
OP-00078,MP-0096,Fixadores,L02,687,266,2026-06-23 04:26:09,2026-06-30 04:26:09,2026-06-29 15:27:15.087769,7,6.5,Concluída,C
OP-00079,MP-0004,Fixadores,L04,1978,1509,2026-06-05 00:33:17,2026-06-09 00:33:17,2026-06-06 02:39:37.478644,4,1.1,Atrasada,A
OP-00080,MP-0010,Estruturas,L01,1477,1627,2026-01-23 01:36:57,2026-01-29 01:36:57,2026-01-27 13:33:39.760335,6,4.5,Concluída,B
OP-00081,MP-0088,Especiais,L01,761,1136,2026-01-31 22:03:13,2026-02-06 22:03:13,2026-02-07 20:00:18.216306,6,6.9,Em andamento,B
OP-00082,MP-0085,Tubos,L05,1376,743,2026-01-16 16:21:52,2026-01-20 16:21:52,2026-01-18 04:01:14.828737,4,1.5,Concluída,A
OP-00083,MP-0054,Perfis,L06,1875,1742,2026-04-24 20:08:58,2026-05-02 20:08:58,2026-05-01 05:50:28.961070,8,6.4,Concluída,B
OP-00084,MP-0091,Estruturas,L02,1552,1113,2026-06-29 16:25:06,2026-07-02 16:25:06,2026-07-02 18:46:47.044374,3,3.1,Atrasada,C
OP-00085,MP-0035,Perfis,L04,942,1736,2026-04-21 05:55:02,2026-04-27 05:55:02,2026-04-27 21:55:07.244021,6,6.7,Atrasada,C
OP-00086,MP-0076,Estruturas,L02,1751,1959,2026-04-08 04:11:27,2026-04-12 04:11:27,2026-04-10 10:24:01.405296,4,2.3,Concluída,A
OP-00087,MP-0036,Fixadores,L06,826,733,2026-03-29 19:08:14,2026-04-03 19:08:14,2026-04-03 20:41:19.187590,5,5.1,Em andamento,A
OP-00088,MP-0064,Fixadores,L02,1048,479,2026-04-19 18:09:27,2026-04-27 18:09:27,2026-04-29 10:22:29.997583,8,9.7,Concluída,B
OP-00089,MP-0034,Especiais,L05,70,1103,2026-04-23 02:17:39,2026-04-27 02:17:39,2026-04-26 17:18:44.214567,4,3.6,Concluída,A
OP-00090,MP-0011,Fixadores,L04,1187,1597,2026-01-28 11:22:36,2026-01-31 11:22:36,2026-02-02 11:00:59.439344,3,5.0,Atrasada,A
OP-00091,MP-0089,Perfis,L01,652,498,2026-04-27 22:12:35,2026-05-02 22:12:35,2026-05-01 20:45:41.925904,5,3.9,Concluída,B
OP-00092,MP-0089,Perfis,L06,1241,800,2026-01-19 01:30:32,2026-01-22 01:30:32,2026-01-20 16:18:51.401313,3,1.6,Concluída,B
OP-00093,MP-0071,Especiais,L03,770,1484,2026-03-11 22:51:29,2026-03-17 22:51:29,2026-03-15 03:21:49.115213,6,3.2,Em andamento,B
OP-00094,MP-0035,Perfis,L02,297,1522,2026-04-09 06:00:17,2026-04-13 06:00:17,2026-04-17 11:00:25.525351,4,8.2,Concluída,A
OP-00095,MP-0041,Estruturas,L02,493,1557,2026-03-16 06:21:51,2026-03-18 06:21:51,2026-03-18 02:24:44.391623,2,1.8,Concluída,B
OP-00096,MP-0036,Fixadores,L05,1272,624,2026-01-12 16:34:45,2026-01-19 16:34:45,2026-01-16 00:17:19.090962,7,3.3,Em andamento,A
OP-00097,MP-0025,Estruturas,L06,1143,304,2026-02-03 10:03:03,2026-02-07 10:03:03,2026-02-07 13:14:36.116868,4,4.1,Concluída,B
OP-00098,MP-0006,Especiais,L03,1478,1978,2026-04-27 06:45:06,2026-04-29 06:45:06,2026-04-30 05:09:59.652984,2,2.9,Em andamento,A
OP-00099,MP-0082,Chapas,L05,632,1006,2026-06-03 20:36:17,2026-06-11 20:36:17,2026-06-11 20:53:54.825124,8,8.0,Concluída,B
OP-00100,MP-0057,Perfis,L01,567,1972,2026-06-24 11:21:40,2026-06-28 11:21:40,2026-06-27 18:36:49.804484,4,3.3,Concluída,B
OP-00101,MP-0015,Especiais,L06,1455,154,2026-06-15 22:32:23,2026-06-23 22:32:23,2026-06-25 12:56:32.004295,8,9.6,Em andamento,A
OP-00102,MP-0020,Fixadores,L03,224,553,2026-05-28 07:16:32,2026-06-05 07:16:32,2026-06-05 23:59:32.205657,8,8.7,Em andamento,A
OP-00103,MP-0072,Chapas,L02,1638,1115,2026-03-24 19:28:50,2026-04-01 19:28:50,2026-03-31 01:34:23.571208,8,6.3,Em andamento,B
OP-00104,MP-0058,Estruturas,L05,928,670,2026-05-15 15:46:51,2026-05-20 15:46:51,2026-05-21 16:08:57.542207,5,6.0,Concluída,C
OP-00105,MP-0080,Especiais,L06,482,586,2026-02-04 02:08:19,2026-02-06 02:08:19,2026-02-05 02:08:19.000000,2,1.0,Concluída,C
OP-00106,MP-0011,Fixadores,L02,1180,198,2026-03-23 10:53:27,2026-03-26 10:53:27,2026-03-24 21:19:35.105690,3,1.4,Concluída,A
OP-00107,MP-0001,Especiais,L01,524,635,2026-01-18 16:59:08,2026-01-23 16:59:08,2026-01-21 18:58:46.094566,5,3.1,Concluída,C
OP-00108,MP-0037,Estruturas,L01,1457,523,2026-03-17 11:57:25,2026-03-24 11:57:25,2026-03-25 02:44:39.902598,7,7.6,Atrasada,B
OP-00109,MP-0081,Tubos,L01,1165,505,2026-01-16 19:47:20,2026-01-22 19:47:20,2026-01-20 23:22:57.165221,6,4.1,Atrasada,C
OP-00110,MP-0020,Fixadores,L01,172,384,2026-06-21 18:01:11,2026-06-25 18:01:11,2026-06-22 18:52:59.506006,4,1.0,Concluída,B
OP-00111,MP-0077,Estruturas,L01,1009,1455,2026-04-29 04:16:36,2026-05-06 04:16:36,2026-05-07 16:46:23.730013,7,8.5,Atrasada,B
OP-00112,MP-0090,Especiais,L05,1155,1056,2026-01-21 02:31:38,2026-01-26 02:31:38,2026-01-23 02:02:43.397707,5,2.0,Concluída,B
OP-00113,MP-0011,Fixadores,L05,562,97,2026-03-26 20:11:05,2026-04-01 20:11:05,2026-04-03 09:16:54.217533,6,7.5,Concluída,A
OP-00114,MP-0030,Chapas,L05,1997,87,2026-03-03 12:35:10,2026-03-10 12:35:10,2026-03-10 22:04:35.119854,7,7.4,Em andamento,C
OP-00115,MP-0035,Perfis,L05,1384,950,2026-03-14 23:31:46,2026-03-20 23:31:46,2026-03-23 10:05:51.185253,6,8.4,Atrasada,B
OP-00116,MP-0024,Perfis,L06,1717,1052,2026-03-13 06:05:09,2026-03-19 06:05:09,2026-03-19 21:12:52.113782,6,6.6,Atrasada,A
OP-00117,MP-0061,Perfis,L02,725,888,2026-03-13 03:21:39,2026-03-17 03:21:39,2026-03-16 00:47:22.074478,4,2.9,Concluída,C
OP-00118,MP-0064,Fixadores,L05,125,976,2026-03-14 13:39:36,2026-03-18 13:39:36,2026-03-19 06:54:43.721992,4,4.7,Atrasada,A
OP-00119,MP-0041,Estruturas,L05,1739,47,2026-03-06 00:44:36,2026-03-10 00:44:36,2026-03-08 06:20:53.347672,4,2.2,Atrasada,C
OP-00120,MP-0070,Tubos,L01,434,1106,2026-05-15 00:06:06,2026-05-20 00:06:06,2026-05-23 13:35:11.393433,5,8.6,Atrasada,B
OP-00121,MP-0080,Especiais,L02,596,1169,2026-04-07 12:13:37,2026-04-15 12:13:37,2026-04-13 21:20:22.912880,8,6.4,Concluída,A
OP-00122,MP-0037,Estruturas,L01,109,1335,2026-01-02 12:42:07,2026-01-07 12:42:07,2026-01-07 13:04:12.520001,5,5.0,Atrasada,C
OP-00123,MP-0031,Estruturas,L04,240,505,2026-03-10 18:36:49,2026-03-17 18:36:49,2026-03-18 19:24:35.147112,7,8.0,Em andamento,A
OP-00124,MP-0060,Perfis,L04,1960,1512,2026-05-23 03:10:39,2026-05-25 03:10:39,2026-05-26 17:23:01.615325,2,3.6,Concluída,B
OP-00125,MP-0066,Especiais,L02,985,1173,2026-02-28 14:46:28,2026-03-07 14:46:28,2026-03-07 04:45:25.043466,7,6.6,Atrasada,A
OP-00126,MP-0050,Especiais,L05,1578,1845,2026-03-20 16:57:41,2026-03-23 16:57:41,2026-03-26 12:31:50.418930,3,5.8,Em andamento,A
OP-00127,MP-0009,Estruturas,L05,597,1725,2026-04-05 10:18:24,2026-04-09 10:18:24,2026-04-09 20:20:29.823461,4,4.4,Concluída,A
OP-00128,MP-0037,Estruturas,L05,1237,1396,2026-01-20 14:51:47,2026-01-27 14:51:47,2026-01-24 16:54:20.700156,7,4.1,Concluída,B
OP-00129,MP-0020,Fixadores,L05,822,977,2026-02-09 04:02:29,2026-02-14 04:02:29,2026-02-12 19:53:08.095662,5,3.7,Em andamento,B
OP-00130,MP-0025,Estruturas,L05,834,523,2026-02-07 07:10:15,2026-02-14 07:10:15,2026-02-13 23:13:10.639839,7,6.7,Concluída,B
OP-00131,MP-0006,Especiais,L04,1409,1667,2026-01-04 15:28:16,2026-01-08 15:28:16,2026-01-08 13:35:58.025096,4,3.9,Atrasada,C
OP-00132,MP-0020,Fixadores,L02,1078,1253,2026-06-15 19:17:40,2026-06-20 19:17:40,2026-06-18 11:03:21.636718,5,2.7,Concluída,B
OP-00133,MP-0013,Tubos,L01,1529,340,2026-05-04 01:48:07,2026-05-12 01:48:07,2026-05-12 11:04:47.796776,8,8.4,Atrasada,B
OP-00134,MP-0084,Tubos,L04,1650,587,2026-01-24 06:23:12,2026-01-27 06:23:12,2026-01-26 16:44:30.397511,3,2.4,Concluída,B
OP-00135,MP-0080,Especiais,L06,1809,1137,2026-06-27 15:46:14,2026-07-04 15:46:14,2026-07-04 03:59:27.675219,7,6.5,Concluída,B
OP-00136,MP-0041,Estruturas,L05,123,1309,2026-03-30 06:45:34,2026-04-06 06:45:34,2026-04-06 15:36:20.517948,7,7.4,Atrasada,A
OP-00137,MP-0031,Estruturas,L06,235,933,2026-04-13 00:28:53,2026-04-20 00:28:53,2026-04-19 12:36:35.000137,7,6.5,Concluída,A
OP-00138,MP-0098,Perfis,L04,390,1466,2026-02-09 20:48:33,2026-02-16 20:48:33,2026-02-15 17:39:24.709802,7,5.9,Concluída,B
OP-00139,MP-0004,Fixadores,L03,932,343,2026-05-23 01:43:29,2026-05-25 01:43:29,2026-05-24 20:12:46.433860,2,1.8,Concluída,A
OP-00140,MP-0068,Fixadores,L06,1673,413,2026-01-29 11:51:50,2026-02-03 11:51:50,2026-02-03 22:47:14.434883,5,5.5,Em andamento,A
OP-00141,MP-0023,Fixadores,L04,1919,1239,2026-03-12 16:29:54,2026-03-14 16:29:54,2026-03-13 16:29:54.000000,2,1.0,Concluída,A
OP-00142,MP-0030,Chapas,L04,572,1410,2026-03-10 10:09:19,2026-03-15 10:09:19,2026-03-14 11:42:30.552218,5,4.1,Concluída,A
OP-00143,MP-0060,Perfis,L03,1253,657,2026-02-19 18:20:02,2026-02-23 18:20:02,2026-02-23 09:03:33.963708,4,3.6,Atrasada,C
OP-00144,MP-0055,Especiais,L04,1781,663,2026-03-25 08:32:05,2026-04-01 08:32:05,2026-03-31 13:34:11.179298,7,6.2,Concluída,A
OP-00145,MP-0050,Especiais,L03,1227,650,2026-01-09 18:07:20,2026-01-17 18:07:20,2026-01-16 15:46:39.015318,8,6.9,Em andamento,C
OP-00146,MP-0038,Especiais,L03,66,1204,2026-01-22 16:01:50,2026-01-24 16:01:50,2026-01-24 18:49:13.670264,2,2.1,Atrasada,C
OP-00147,MP-0100,Tubos,L03,1638,1681,2026-01-05 09:24:31,2026-01-12 09:24:31,2026-01-15 15:26:17.422558,7,10.3,Atrasada,A
OP-00148,MP-0078,Estruturas,L02,1353,434,2026-03-01 12:36:57,2026-03-09 12:36:57,2026-03-08 23:33:14.336955,8,7.5,Concluída,C
OP-00149,MP-0033,Perfis,L06,248,1895,2026-04-05 00:29:47,2026-04-12 00:29:47,2026-04-12 02:39:02.783562,7,7.1,Concluída,C
OP-00150,MP-0083,Tubos,L04,118,1231,2026-04-10 02:02:23,2026-04-12 02:02:23,2026-04-11 02:02:23.000000,2,1.0,Concluída,B
OP-00151,MP-0094,Especiais,L02,461,315,2026-01-04 15:25:25,2026-01-07 15:25:25,2026-01-08 16:49:50.344945,3,4.1,Atrasada,C
OP-00152,MP-0047,Perfis,L03,1750,381,2026-05-20 17:03:33,2026-05-26 17:03:33,2026-05-27 09:12:46.250629,6,6.7,Em andamento,B
OP-00153,MP-0062,Fixadores,L04,204,333,2026-05-09 00:26:09,2026-05-17 00:26:09,2026-05-16 04:04:12.698351,8,7.2,Concluída,A
OP-00154,MP-0087,Especiais,L05,799,229,2026-05-12 12:44:09,2026-05-19 12:44:09,2026-05-22 10:36:10.774504,7,9.9,Atrasada,B
OP-00155,MP-0002,Estruturas,L05,830,1729,2026-03-20 17:48:24,2026-03-24 17:48:24,2026-03-23 03:11:50.523745,4,2.4,Concluída,C
OP-00156,MP-0048,Especiais,L04,101,1313,2026-01-05 21:59:03,2026-01-07 21:59:03,2026-01-07 12:57:09.300965,2,1.6,Concluída,C
OP-00157,MP-0042,Perfis,L06,668,1374,2026-04-25 10:56:05,2026-05-01 10:56:05,2026-05-01 13:15:45.833001,6,6.1,Atrasada,B
OP-00158,MP-0015,Especiais,L01,673,1053,2026-04-27 18:31:42,2026-04-30 18:31:42,2026-05-01 07:19:43.048212,3,3.5,Concluída,A
OP-00159,MP-0013,Tubos,L03,1423,1989,2026-06-14 02:28:27,2026-06-17 02:28:27,2026-06-17 17:14:13.315792,3,3.6,Atrasada,C
OP-00160,MP-0090,Especiais,L05,1570,1533,2026-02-08 22:26:20,2026-02-14 22:26:20,2026-02-14 09:47:29.575770,6,5.5,Atrasada,A
OP-00161,MP-0054,Perfis,L03,117,1458,2026-04-28 02:17:35,2026-05-05 02:17:35,2026-05-06 12:12:33.537949,7,8.4,Atrasada,B
OP-00162,MP-0028,Perfis,L02,1801,787,2026-04-05 15:11:14,2026-04-10 15:11:14,2026-04-11 15:30:42.095727,5,6.0,Atrasada,A
OP-00163,MP-0088,Especiais,L01,865,610,2026-06-29 22:06:06,2026-07-03 22:06:06,2026-06-30 22:06:06.000000,4,1.0,Concluída,A
OP-00164,MP-0016,Chapas,L01,1407,479,2026-04-24 01:07:32,2026-05-02 01:07:32,2026-04-30 21:43:21.244647,8,6.9,Atrasada,C
OP-00165,MP-0082,Chapas,L02,307,1656,2026-04-11 22:34:09,2026-04-17 22:34:09,2026-04-18 09:58:37.693477,6,6.5,Concluída,C
OP-00166,MP-0027,Perfis,L02,1250,487,2026-02-17 07:23:16,2026-02-19 07:23:16,2026-02-19 05:17:33.736546,2,1.9,Em andamento,A
OP-00167,MP-0043,Especiais,L03,1808,341,2026-03-24 14:03:46,2026-04-01 14:03:46,2026-04-03 12:28:50.340286,8,9.9,Concluída,A
OP-00168,MP-0070,Tubos,L01,1403,1819,2026-06-03 00:46:31,2026-06-07 00:46:31,2026-06-09 14:38:30.952521,4,6.6,Concluída,A
OP-00169,MP-0017,Chapas,L03,82,401,2026-01-07 06:15:35,2026-01-09 06:15:35,2026-01-08 06:15:35.000000,2,1.0,Em andamento,B
OP-00170,MP-0007,Tubos,L05,282,1572,2026-05-08 01:51:06,2026-05-11 01:51:06,2026-05-13 03:11:04.091633,3,5.1,Atrasada,A
OP-00171,MP-0061,Perfis,L04,1081,498,2026-05-19 22:25:09,2026-05-24 22:25:09,2026-05-25 05:59:04.598850,5,5.3,Concluída,C
OP-00172,MP-0006,Especiais,L03,988,1362,2026-02-01 16:01:54,2026-02-08 16:01:54,2026-02-06 21:29:59.607569,7,5.2,Em andamento,A
OP-00173,MP-0008,Tubos,L04,1508,1908,2026-05-21 11:01:08,2026-05-26 11:01:08,2026-05-27 08:48:01.482906,5,5.9,Concluída,B
OP-00174,MP-0010,Estruturas,L05,353,179,2026-04-09 22:22:49,2026-04-11 22:22:49,2026-04-10 22:22:49.000000,2,1.0,Concluída,A
OP-00175,MP-0036,Fixadores,L04,1273,1131,2026-04-10 03:16:47,2026-04-16 03:16:47,2026-04-14 20:51:11.934151,6,4.7,Concluída,B
OP-00176,MP-0059,Estruturas,L04,253,1669,2026-04-07 21:47:05,2026-04-13 21:47:05,2026-04-12 12:06:07.722380,6,4.6,Em andamento,C
OP-00177,MP-0015,Especiais,L06,1822,485,2026-03-10 13:58:18,2026-03-18 13:58:18,2026-03-16 20:22:44.807310,8,6.3,Em andamento,B
OP-00178,MP-0058,Estruturas,L03,1744,973,2026-03-02 05:05:57,2026-03-05 05:05:57,2026-03-03 05:05:57.000000,3,1.0,Atrasada,B
OP-00179,MP-0054,Perfis,L03,362,1451,2026-05-15 08:58:48,2026-05-22 08:58:48,2026-05-23 16:22:46.049697,7,8.3,Concluída,B
OP-00180,MP-0009,Estruturas,L01,934,242,2026-04-25 09:12:01,2026-04-27 09:12:01,2026-04-28 06:33:50.735987,2,2.9,Concluída,C
OP-00181,MP-0095,Perfis,L05,1200,720,2026-06-21 14:11:51,2026-06-25 14:11:51,2026-06-26 07:34:02.256200,4,4.7,Em andamento,C
OP-00182,MP-0016,Chapas,L06,1977,1581,2026-02-18 05:26:25,2026-02-23 05:26:25,2026-02-21 10:57:18.802209,5,3.2,Concluída,B
OP-00183,MP-0093,Chapas,L01,1233,1084,2026-02-21 18:19:57,2026-02-23 18:19:57,2026-02-25 18:08:09.410315,2,4.0,Concluída,A
OP-00184,MP-0020,Fixadores,L02,1785,266,2026-05-19 20:01:42,2026-05-26 20:01:42,2026-05-26 10:24:35.547023,7,6.6,Atrasada,B
OP-00185,MP-0072,Chapas,L04,1780,1193,2026-04-03 20:51:57,2026-04-07 20:51:57,2026-04-08 18:42:06.398588,4,4.9,Concluída,C
OP-00186,MP-0079,Especiais,L01,1297,1947,2026-05-31 01:13:53,2026-06-07 01:13:53,2026-06-07 20:27:15.897680,7,7.8,Em andamento,C
OP-00187,MP-0089,Perfis,L03,768,57,2026-03-22 07:11:24,2026-03-26 07:11:24,2026-03-27 11:28:45.706766,4,5.2,Concluída,A
OP-00188,MP-0019,Estruturas,L01,340,1562,2026-06-29 09:35:33,2026-07-05 09:35:33,2026-07-05 14:47:46.979790,6,6.2,Atrasada,C
OP-00189,MP-0004,Fixadores,L04,748,367,2026-01-16 06:58:25,2026-01-18 06:58:25,2026-01-18 06:21:41.397809,2,2.0,Atrasada,B
OP-00190,MP-0040,Fixadores,L05,1271,218,2026-03-18 10:36:47,2026-03-25 10:36:47,2026-03-24 09:33:46.202324,7,6.0,Concluída,A
OP-00191,MP-0020,Fixadores,L03,957,1400,2026-02-14 05:26:29,2026-02-17 05:26:29,2026-02-17 05:45:42.965404,3,3.0,Concluída,B
OP-00192,MP-0063,Especiais,L04,609,486,2026-04-30 03:53:19,2026-05-06 03:53:19,2026-05-05 16:23:26.587352,6,5.5,Atrasada,C
OP-00193,MP-0015,Especiais,L04,1129,1411,2026-05-30 12:02:00,2026-06-03 12:02:00,2026-06-02 09:27:22.046923,4,2.9,Em andamento,B
OP-00194,MP-0006,Especiais,L05,162,60,2026-04-01 11:31:05,2026-04-04 11:31:05,2026-04-05 00:02:31.060529,3,3.5,Atrasada,A
OP-00195,MP-0039,Perfis,L03,295,60,2026-02-20 13:56:12,2026-02-23 13:56:12,2026-02-23 20:35:38.337061,3,3.3,Concluída,B
OP-00196,MP-0096,Fixadores,L02,828,1135,2026-05-16 23:25:14,2026-05-21 23:25:14,2026-05-19 10:35:31.663159,5,2.5,Concluída,C
OP-00197,MP-0030,Chapas,L01,863,1809,2026-04-07 00:27:35,2026-04-13 00:27:35,2026-04-10 22:35:39.047241,6,3.9,Concluída,C
OP-00198,MP-0006,Especiais,L04,1936,204,2026-03-20 01:31:10,2026-03-25 01:31:10,2026-03-24 06:14:14.789482,5,4.2,Concluída,B
OP-00199,MP-0074,Fixadores,L03,285,874,2026-02-17 17:19:32,2026-02-22 17:19:32,2026-02-20 14:38:04.292935,5,2.9,Atrasada,A
OP-00200,MP-0042,Perfis,L04,1753,1457,2026-01-30 06:46:25,2026-02-02 06:46:25,2026-02-01 05:35:02.475468,3,2.0,Em andamento,B
OP-00201,MP-0012,Tubos,L04,1123,206,2026-03-03 01:25:47,2026-03-08 01:25:47,2026-03-08 16:28:04.400398,5,5.6,Em andamento,B
OP-00202,MP-0040,Fixadores,L02,732,1640,2026-03-23 11:37:31,2026-03-30 11:37:31,2026-03-29 13:20:32.407526,7,6.1,Concluída,A
OP-00203,MP-0010,Estruturas,L03,769,1534,2026-02-05 13:25:39,2026-02-11 13:25:39,2026-02-10 07:46:43.229607,6,4.8,Concluída,C
OP-00204,MP-0019,Estruturas,L02,574,449,2026-02-16 21:56:23,2026-02-19 21:56:23,2026-02-18 13:03:23.560134,3,1.6,Concluída,A
OP-00205,MP-0078,Estruturas,L06,1061,995,2026-06-16 03:23:19,2026-06-19 03:23:19,2026-06-19 06:45:34.773880,3,3.1,Concluída,C
OP-00206,MP-0098,Perfis,L06,1942,1851,2026-01-06 17:12:17,2026-01-12 17:12:17,2026-01-10 12:45:20.599019,6,3.8,Atrasada,C
OP-00207,MP-0083,Tubos,L02,950,184,2026-04-26 05:18:35,2026-05-03 05:18:35,2026-05-04 13:00:22.298400,7,8.3,Concluída,B
OP-00208,MP-0057,Perfis,L03,1261,160,2026-05-14 07:11:53,2026-05-21 07:11:53,2026-05-21 04:30:33.866705,7,6.9,Concluída,B
OP-00209,MP-0065,Chapas,L03,1753,632,2026-05-15 07:25:52,2026-05-17 07:25:52,2026-05-16 16:48:13.428538,2,1.4,Concluída,A
OP-00210,MP-0083,Tubos,L05,1266,1083,2026-03-14 01:06:25,2026-03-22 01:06:25,2026-03-23 13:46:35.997610,8,9.5,Concluída,B
OP-00211,MP-0060,Perfis,L04,1911,1703,2026-01-23 11:13:12,2026-01-29 11:13:12,2026-01-26 23:07:10.282870,6,3.5,Concluída,C
OP-00212,MP-0084,Tubos,L05,1024,1071,2026-02-26 23:35:36,2026-03-01 23:35:36,2026-03-01 02:14:49.185836,3,2.1,Concluída,A
OP-00213,MP-0008,Tubos,L06,222,1078,2026-06-03 08:44:14,2026-06-08 08:44:14,2026-06-10 22:06:26.208575,5,7.6,Concluída,C
OP-00214,MP-0023,Fixadores,L06,946,944,2026-01-03 06:04:25,2026-01-05 06:04:25,2026-01-07 04:45:30.733922,2,3.9,Concluída,C
OP-00215,MP-0067,Fixadores,L04,887,1631,2026-04-23 22:56:29,2026-04-29 22:56:29,2026-04-30 17:48:21.328394,6,6.8,Concluída,B
OP-00216,MP-0087,Especiais,L06,1375,730,2026-05-20 09:44:56,2026-05-26 09:44:56,2026-05-27 14:57:48.120160,6,7.2,Concluída,A
OP-00217,MP-0043,Especiais,L06,1794,1389,2026-06-02 00:29:36,2026-06-04 00:29:36,2026-06-03 00:29:36.000000,2,1.0,Concluída,C
OP-00218,MP-0020,Fixadores,L05,1409,334,2026-01-11 10:23:12,2026-01-15 10:23:12,2026-01-14 21:42:34.582624,4,3.5,Concluída,B
OP-00219,MP-0040,Fixadores,L06,1971,218,2026-03-09 03:40:39,2026-03-16 03:40:39,2026-03-15 16:15:17.777301,7,6.5,Em andamento,B
OP-00220,MP-0072,Chapas,L02,1422,1484,2026-02-05 11:20:33,2026-02-10 11:20:33,2026-02-09 01:17:50.348027,5,3.6,Concluída,C
OP-00221,MP-0088,Especiais,L03,87,787,2026-02-08 11:44:15,2026-02-14 11:44:15,2026-02-16 08:23:34.728553,6,7.9,Em andamento,B
OP-00222,MP-0024,Perfis,L04,443,508,2026-05-24 13:50:57,2026-05-27 13:50:57,2026-05-28 19:33:59.774292,3,4.2,Concluída,A
OP-00223,MP-0020,Fixadores,L05,1760,1557,2026-03-24 21:14:55,2026-03-26 21:14:55,2026-03-26 03:15:07.575874,2,1.3,Em andamento,C
OP-00224,MP-0005,Especiais,L05,318,1268,2026-02-25 05:15:36,2026-03-04 05:15:36,2026-03-06 18:04:22.934571,7,9.5,Concluída,B
OP-00225,MP-0020,Fixadores,L02,1526,941,2026-06-05 23:46:54,2026-06-08 23:46:54,2026-06-09 23:04:00.291899,3,4.0,Em andamento,A
OP-00226,MP-0053,Chapas,L04,1300,628,2026-03-02 16:35:45,2026-03-06 16:35:45,2026-03-08 18:46:10.830235,4,6.1,Concluída,C
OP-00227,MP-0058,Estruturas,L02,803,1434,2026-01-14 12:14:42,2026-01-17 12:14:42,2026-01-16 05:58:08.707184,3,1.7,Atrasada,C
OP-00228,MP-0057,Perfis,L04,1079,1125,2026-05-08 01:08:33,2026-05-13 01:08:33,2026-05-12 18:34:20.160238,5,4.7,Concluída,B
OP-00229,MP-0021,Chapas,L01,1363,1029,2026-04-01 16:49:29,2026-04-09 16:49:29,2026-04-10 08:04:08.592741,8,8.6,Concluída,B
OP-00230,MP-0071,Especiais,L01,633,216,2026-04-18 00:32:38,2026-04-20 00:32:38,2026-04-21 23:09:34.872599,2,3.9,Em andamento,A
OP-00231,MP-0035,Perfis,L01,1988,1909,2026-03-18 11:44:48,2026-03-23 11:44:48,2026-03-24 04:34:49.707749,5,5.7,Atrasada,A
OP-00232,MP-0058,Estruturas,L04,159,856,2026-05-13 15:52:26,2026-05-17 15:52:26,2026-05-17 04:28:51.345657,4,3.5,Concluída,C
OP-00233,MP-0048,Especiais,L01,702,1951,2026-03-19 07:01:16,2026-03-22 07:01:16,2026-03-21 19:48:25.237215,3,2.5,Concluída,A
OP-00234,MP-0092,Chapas,L02,331,123,2026-02-06 08:20:17,2026-02-13 08:20:17,2026-02-13 18:04:46.279513,7,7.4,Concluída,B
OP-00235,MP-0061,Perfis,L04,1310,55,2026-07-01 14:58:41,2026-07-08 14:58:41,2026-07-09 20:35:57.866889,7,8.2,Atrasada,A
OP-00236,MP-0003,Perfis,L02,1173,1970,2026-02-05 00:38:58,2026-02-09 00:38:58,2026-02-06 19:38:52.033095,4,1.8,Concluída,C
OP-00237,MP-0078,Estruturas,L03,299,142,2026-02-12 15:37:26,2026-02-18 15:37:26,2026-02-16 08:26:14.823529,6,3.7,Concluída,A
OP-00238,MP-0054,Perfis,L04,178,272,2026-04-23 10:14:01,2026-04-30 10:14:01,2026-05-01 15:07:08.703648,7,8.2,Em andamento,B
OP-00239,MP-0077,Estruturas,L06,344,641,2026-05-04 15:04:55,2026-05-10 15:04:55,2026-05-12 10:10:56.463956,6,7.8,Concluída,B
OP-00240,MP-0001,Especiais,L02,1218,898,2026-02-05 01:22:07,2026-02-11 01:22:07,2026-02-11 05:50:07.160113,6,6.2,Concluída,A
OP-00241,MP-0086,Estruturas,L05,1164,1084,2026-02-27 01:17:24,2026-03-06 01:17:24,2026-03-09 13:06:25.889915,7,10.5,Concluída,C
OP-00242,MP-0071,Especiais,L04,139,1346,2026-04-01 08:59:46,2026-04-03 08:59:46,2026-04-05 11:00:10.364369,2,4.1,Atrasada,B
OP-00243,MP-0048,Especiais,L03,543,1546,2026-06-07 12:24:35,2026-06-11 12:24:35,2026-06-11 11:50:21.202705,4,4.0,Concluída,C
OP-00244,MP-0081,Tubos,L06,1599,725,2026-05-27 17:30:29,2026-05-29 17:30:29,2026-05-28 17:30:29.000000,2,1.0,Em andamento,A
OP-00245,MP-0006,Especiais,L06,1001,1469,2026-05-01 06:32:30,2026-05-05 06:32:30,2026-05-02 15:18:11.309355,4,1.4,Concluída,B
OP-00246,MP-0081,Tubos,L01,1516,1634,2026-03-28 05:26:06,2026-03-31 05:26:06,2026-03-30 10:37:29.620854,3,2.2,Concluída,B
OP-00247,MP-0005,Especiais,L03,1961,680,2026-06-14 21:08:33,2026-06-18 21:08:33,2026-06-19 16:13:23.533035,4,4.8,Concluída,C
OP-00248,MP-0051,Tubos,L04,568,119,2026-01-29 16:58:30,2026-02-06 16:58:30,2026-02-09 05:45:37.084807,8,10.5,Em andamento,C
OP-00249,MP-0025,Estruturas,L03,304,1682,2026-01-17 12:37:54,2026-01-21 12:37:54,2026-01-19 21:34:28.678263,4,2.4,Concluída,B
OP-00250,MP-0056,Fixadores,L04,744,427,2026-01-04 12:57:44,2026-01-09 12:57:44,2026-01-11 14:02:41.351626,5,7.0,Atrasada,B
OP-00251,MP-0089,Perfis,L01,1539,914,2026-01-03 13:16:09,2026-01-08 13:16:09,2026-01-06 18:01:41.549443,5,3.2,Concluída,A
OP-00252,MP-0056,Fixadores,L05,651,702,2026-04-02 16:56:58,2026-04-08 16:56:58,2026-04-10 16:33:45.188905,6,8.0,Concluída,A
OP-00253,MP-0011,Fixadores,L06,922,386,2026-02-19 09:14:45,2026-02-23 09:14:45,2026-02-22 16:53:33.385687,4,3.3,Em andamento,C
OP-00254,MP-0057,Perfis,L01,1538,1826,2026-03-22 16:01:35,2026-03-26 16:01:35,2026-03-25 13:55:33.001779,4,2.9,Atrasada,B
OP-00255,MP-0079,Especiais,L01,1424,1350,2026-03-27 04:43:05,2026-04-01 04:43:05,2026-03-31 13:14:26.649163,5,4.4,Concluída,B
OP-00256,MP-0047,Perfis,L01,342,1783,2026-05-23 07:36:09,2026-05-29 07:36:09,2026-06-02 11:07:16.000815,6,10.1,Concluída,C
OP-00257,MP-0087,Especiais,L06,800,786,2026-05-29 12:01:39,2026-06-06 12:01:39,2026-06-05 18:43:08.875027,8,7.3,Concluída,B
OP-00258,MP-0073,Chapas,L02,1440,966,2026-03-27 20:52:41,2026-03-29 20:52:41,2026-03-30 03:57:42.626542,2,2.3,Em andamento,B
OP-00259,MP-0048,Especiais,L03,865,688,2026-06-06 14:34:55,2026-06-11 14:34:55,2026-06-11 18:26:36.924708,5,5.2,Em andamento,C
OP-00260,MP-0036,Fixadores,L01,1556,426,2026-04-26 22:09:47,2026-04-29 22:09:47,2026-04-27 23:17:49.986209,3,1.0,Concluída,B
OP-00261,MP-0067,Fixadores,L06,963,484,2026-06-22 07:07:01,2026-06-27 07:07:01,2026-06-27 22:32:37.488839,5,5.6,Concluída,C
OP-00262,MP-0037,Estruturas,L02,301,322,2026-03-01 19:25:05,2026-03-08 19:25:05,2026-03-08 10:06:10.588504,7,6.6,Atrasada,A
OP-00263,MP-0058,Estruturas,L06,1781,699,2026-03-07 07:56:22,2026-03-10 07:56:22,2026-03-11 15:21:28.835853,3,4.3,Concluída,C
OP-00264,MP-0045,Perfis,L05,1160,639,2026-06-21 21:13:56,2026-06-28 21:13:56,2026-06-27 22:00:16.018212,7,6.0,Concluída,B
OP-00265,MP-0021,Chapas,L03,1091,504,2026-02-23 15:37:26,2026-03-02 15:37:26,2026-03-02 01:34:43.558761,7,6.4,Concluída,A
OP-00266,MP-0026,Estruturas,L02,1668,1056,2026-05-30 14:08:27,2026-06-07 14:08:27,2026-06-05 08:03:16.344715,8,5.7,Concluída,A
OP-00267,MP-0047,Perfis,L02,1303,1855,2026-05-06 00:37:22,2026-05-12 00:37:22,2026-05-10 12:18:31.941380,6,4.5,Em andamento,A
OP-00268,MP-0009,Estruturas,L06,1522,1025,2026-01-06 15:04:41,2026-01-10 15:04:41,2026-01-09 21:21:03.568688,4,3.3,Atrasada,C
OP-00269,MP-0053,Chapas,L03,1365,196,2026-03-04 06:40:06,2026-03-12 06:40:06,2026-03-10 15:00:02.427209,8,6.3,Concluída,B
OP-00270,MP-0060,Perfis,L03,312,1843,2026-06-05 02:02:43,2026-06-12 02:02:43,2026-06-13 03:25:03.497128,7,8.1,Em andamento,C
OP-00271,MP-0082,Chapas,L05,1915,1823,2026-05-10 18:47:17,2026-05-16 18:47:17,2026-05-18 09:38:46.180757,6,7.6,Atrasada,A
OP-00272,MP-0016,Chapas,L03,387,376,2026-03-18 03:18:48,2026-03-24 03:18:48,2026-03-27 16:36:22.352641,6,9.6,Concluída,B
OP-00273,MP-0091,Estruturas,L01,563,447,2026-02-08 15:33:12,2026-02-11 15:33:12,2026-02-09 15:33:12.000000,3,1.0,Concluída,C
OP-00274,MP-0071,Especiais,L06,670,1303,2026-02-22 04:29:05,2026-02-26 04:29:05,2026-03-01 02:59:34.812788,4,6.9,Concluída,C
OP-00275,MP-0012,Tubos,L02,400,1394,2026-05-26 20:44:56,2026-06-01 20:44:56,2026-05-31 14:15:39.753785,6,4.7,Em andamento,C
OP-00276,MP-0093,Chapas,L05,134,1735,2026-05-17 18:35:58,2026-05-23 18:35:58,2026-05-22 05:16:36.867535,6,4.4,Concluída,A
OP-00277,MP-0011,Fixadores,L06,481,1615,2026-04-24 15:22:15,2026-04-26 15:22:15,2026-04-29 01:58:56.678007,2,4.4,Concluída,C
OP-00278,MP-0054,Perfis,L04,1870,1329,2026-02-18 10:29:30,2026-02-24 10:29:30,2026-02-23 14:51:15.086280,6,5.2,Concluída,C
OP-00279,MP-0038,Especiais,L03,978,194,2026-06-02 17:47:06,2026-06-09 17:47:06,2026-06-11 09:36:33.005967,7,8.7,Atrasada,C
OP-00280,MP-0008,Tubos,L04,1041,996,2026-05-28 00:46:40,2026-05-31 00:46:40,2026-05-30 13:39:15.193530,3,2.5,Atrasada,A
OP-00281,MP-0044,Perfis,L06,1812,752,2026-03-27 05:05:02,2026-04-02 05:05:02,2026-04-04 01:25:40.161230,6,7.8,Concluída,B
OP-00282,MP-0017,Chapas,L05,1200,262,2026-01-10 02:08:24,2026-01-18 02:08:24,2026-01-20 10:19:51.394833,8,10.3,Concluída,B
OP-00283,MP-0031,Estruturas,L01,153,639,2026-02-14 06:00:55,2026-02-19 06:00:55,2026-02-20 10:15:47.148168,5,6.2,Concluída,B
OP-00284,MP-0079,Especiais,L02,1716,715,2026-06-25 21:13:02,2026-06-30 21:13:02,2026-07-02 00:35:55.695996,5,6.1,Concluída,C
OP-00285,MP-0093,Chapas,L04,1071,1845,2026-05-06 05:48:39,2026-05-10 05:48:39,2026-05-10 13:38:22.493342,4,4.3,Em andamento,B
OP-00286,MP-0064,Fixadores,L04,1085,981,2026-01-31 09:49:14,2026-02-02 09:49:14,2026-02-03 05:32:01.163203,2,2.8,Concluída,A
OP-00287,MP-0028,Perfis,L05,1857,1771,2026-01-29 16:17:47,2026-02-04 16:17:47,2026-02-04 09:18:43.055876,6,5.7,Atrasada,C
OP-00288,MP-0087,Especiais,L05,66,1780,2026-03-15 11:32:39,2026-03-20 11:32:39,2026-03-20 20:47:55.019564,5,5.4,Concluída,A
OP-00289,MP-0056,Fixadores,L03,142,865,2026-04-16 05:43:48,2026-04-19 05:43:48,2026-04-21 00:39:21.028398,3,4.8,Atrasada,A
OP-00290,MP-0073,Chapas,L03,1183,636,2026-05-30 16:59:30,2026-06-05 16:59:30,2026-06-04 01:54:37.170758,6,4.4,Concluída,A
OP-00291,MP-0050,Especiais,L06,1301,288,2026-05-31 07:35:56,2026-06-06 07:35:56,2026-06-04 12:18:31.124974,6,4.2,Em andamento,A
OP-00292,MP-0013,Tubos,L03,1192,1967,2026-06-22 04:00:55,2026-06-27 04:00:55,2026-06-27 17:58:28.701012,5,5.6,Concluída,B
OP-00293,MP-0097,Estruturas,L01,142,124,2026-03-11 00:05:50,2026-03-14 00:05:50,2026-03-14 13:36:35.396627,3,3.6,Em andamento,A
OP-00294,MP-0092,Chapas,L05,985,350,2026-04-15 19:20:01,2026-04-19 19:20:01,2026-04-21 12:05:54.536002,4,5.7,Atrasada,C
OP-00295,MP-0066,Especiais,L04,1312,1559,2026-01-14 00:42:09,2026-01-17 00:42:09,2026-01-16 01:21:37.503515,3,2.0,Concluída,B
OP-00296,MP-0076,Estruturas,L05,1140,1048,2026-03-22 08:25:20,2026-03-26 08:25:20,2026-03-28 04:11:50.729369,4,5.8,Em andamento,C
OP-00297,MP-0073,Chapas,L06,274,898,2026-01-28 02:24:08,2026-02-01 02:24:08,2026-01-31 19:53:23.049629,4,3.7,Concluída,C
OP-00298,MP-0040,Fixadores,L05,1021,588,2026-05-29 18:29:11,2026-06-06 18:29:11,2026-06-06 19:31:20.534942,8,8.0,Concluída,C
OP-00299,MP-0100,Tubos,L04,399,1118,2026-01-07 22:03:40,2026-01-13 22:03:40,2026-01-11 19:13:09.052522,6,3.9,Em andamento,C
OP-00300,MP-0093,Chapas,L02,1732,1439,2026-01-25 08:38:47,2026-01-31 08:38:47,2026-01-30 05:40:19.126760,6,4.9,Atrasada,A
OP-00301,MP-0005,Especiais,L04,692,902,2026-06-12 07:49:25,2026-06-18 07:49:25,2026-06-19 00:16:58.160190,6,6.7,Concluída,A
OP-00302,MP-0053,Chapas,L04,1077,1632,2026-03-19 16:15:12,2026-03-26 16:15:12,2026-03-26 10:41:57.975295,7,6.8,Concluída,C
OP-00303,MP-0061,Perfis,L05,474,1193,2026-06-18 20:14:35,2026-06-26 20:14:35,2026-06-28 05:52:44.970029,8,9.4,Concluída,B
OP-00304,MP-0085,Tubos,L04,692,399,2026-06-20 13:01:07,2026-06-25 13:01:07,2026-06-23 13:42:55.815087,5,3.0,Em andamento,B
OP-00305,MP-0069,Especiais,L05,1041,438,2026-02-13 12:04:56,2026-02-17 12:04:56,2026-02-15 08:18:41.851055,4,1.8,Concluída,A
OP-00306,MP-0036,Fixadores,L02,1978,654,2026-06-11 17:33:20,2026-06-17 17:33:20,2026-06-17 02:03:52.687189,6,5.4,Concluída,B
OP-00307,MP-0091,Estruturas,L03,1197,1957,2026-05-15 22:15:46,2026-05-18 22:15:46,2026-05-18 06:57:52.124093,3,2.4,Atrasada,C
OP-00308,MP-0036,Fixadores,L05,1435,1157,2026-06-17 05:47:20,2026-06-21 05:47:20,2026-06-19 14:58:44.311775,4,2.4,Concluída,B
OP-00309,MP-0051,Tubos,L03,136,634,2026-05-30 23:53:18,2026-06-07 23:53:18,2026-06-06 12:59:42.114534,8,6.5,Concluída,C
OP-00310,MP-0011,Fixadores,L06,575,1575,2026-01-05 16:44:17,2026-01-09 16:44:17,2026-01-11 19:59:19.138535,4,6.1,Atrasada,B
OP-00311,MP-0028,Perfis,L06,606,326,2026-02-17 11:42:46,2026-02-20 11:42:46,2026-02-21 01:10:55.234750,3,3.6,Em andamento,A
OP-00312,MP-0079,Especiais,L02,546,148,2026-04-12 14:01:28,2026-04-19 14:01:28,2026-04-18 12:45:32.939823,7,5.9,Em andamento,C
OP-00313,MP-0068,Fixadores,L03,1519,1012,2026-02-06 11:58:39,2026-02-09 11:58:39,2026-02-09 04:19:29.689514,3,2.7,Atrasada,A
OP-00314,MP-0088,Especiais,L01,1177,1947,2026-02-08 19:57:14,2026-02-16 19:57:14,2026-02-16 10:56:34.852034,8,7.6,Concluída,A
OP-00315,MP-0053,Chapas,L06,458,1593,2026-02-23 16:05:15,2026-03-02 16:05:15,2026-03-05 11:54:59.621022,7,9.8,Atrasada,B
OP-00316,MP-0042,Perfis,L01,1385,1220,2026-04-10 14:44:05,2026-04-14 14:44:05,2026-04-13 09:23:55.343265,4,2.8,Concluída,A
OP-00317,MP-0069,Especiais,L04,1856,1760,2026-05-25 05:01:58,2026-06-01 05:01:58,2026-05-31 14:48:57.337889,7,6.4,Concluída,A
OP-00318,MP-0005,Especiais,L04,431,1963,2026-05-09 05:24:07,2026-05-17 05:24:07,2026-05-13 18:02:02.478209,8,4.5,Atrasada,C
OP-00319,MP-0038,Especiais,L03,632,975,2026-06-30 14:37:41,2026-07-02 14:37:41,2026-07-04 13:11:21.379263,2,3.9,Concluída,C
OP-00320,MP-0070,Tubos,L02,1792,1077,2026-02-14 16:54:53,2026-02-20 16:54:53,2026-02-20 19:37:44.133538,6,6.1,Atrasada,B
OP-00321,MP-0035,Perfis,L06,576,1516,2026-02-19 04:53:44,2026-02-22 04:53:44,2026-02-22 16:32:50.154599,3,3.5,Atrasada,A
OP-00322,MP-0002,Estruturas,L03,1212,1426,2026-06-18 07:49:28,2026-06-25 07:49:28,2026-06-24 01:44:32.998681,7,5.7,Concluída,A
OP-00323,MP-0023,Fixadores,L05,721,222,2026-04-05 14:52:19,2026-04-11 14:52:19,2026-04-13 14:21:25.405743,6,8.0,Atrasada,B
OP-00324,MP-0086,Estruturas,L02,1027,707,2026-03-27 09:10:36,2026-03-29 09:10:36,2026-03-28 09:10:36.000000,2,1.0,Concluída,A
OP-00325,MP-0001,Especiais,L03,668,1237,2026-06-20 08:27:36,2026-06-24 08:27:36,2026-06-23 03:18:42.050829,4,2.8,Concluída,C
OP-00326,MP-0074,Fixadores,L06,786,1463,2026-04-08 02:52:32,2026-04-10 02:52:32,2026-04-11 05:02:27.558152,2,3.1,Concluída,A
OP-00327,MP-0008,Tubos,L06,1079,1935,2026-01-16 17:08:06,2026-01-23 17:08:06,2026-01-24 15:50:06.693184,7,7.9,Atrasada,C
OP-00328,MP-0099,Especiais,L06,1926,1971,2026-03-27 03:47:21,2026-03-31 03:47:21,2026-04-01 00:38:04.289076,4,4.9,Concluída,B
OP-00329,MP-0048,Especiais,L02,981,1576,2026-06-06 01:22:14,2026-06-12 01:22:14,2026-06-12 17:50:28.819432,6,6.7,Atrasada,C
OP-00330,MP-0048,Especiais,L04,1601,1145,2026-04-05 02:57:15,2026-04-10 02:57:15,2026-04-13 19:52:19.759713,5,8.7,Em andamento,C
OP-00331,MP-0028,Perfis,L05,964,1126,2026-01-22 17:05:10,2026-01-30 17:05:10,2026-01-30 18:02:50.120593,8,8.0,Concluída,C
OP-00332,MP-0047,Perfis,L01,176,1742,2026-05-01 19:12:08,2026-05-03 19:12:08,2026-05-06 07:33:03.231018,2,4.5,Em andamento,C
OP-00333,MP-0065,Chapas,L05,954,283,2026-02-01 14:17:31,2026-02-04 14:17:31,2026-02-03 19:52:54.514834,3,2.2,Concluída,C
OP-00334,MP-0027,Perfis,L04,236,1885,2026-02-10 17:11:14,2026-02-17 17:11:14,2026-02-17 08:08:21.281922,7,6.6,Em andamento,C
OP-00335,MP-0058,Estruturas,L04,1204,163,2026-02-28 05:47:55,2026-03-08 05:47:55,2026-03-08 23:47:29.402136,8,8.7,Atrasada,C
OP-00336,MP-0060,Perfis,L06,94,855,2026-02-22 18:01:25,2026-03-01 18:01:25,2026-03-02 00:34:57.948883,7,7.3,Concluída,B
OP-00337,MP-0001,Especiais,L03,1484,175,2026-03-01 08:57:03,2026-03-08 08:57:03,2026-03-08 11:45:33.432344,7,7.1,Atrasada,C
OP-00338,MP-0008,Tubos,L01,637,882,2026-05-15 13:17:38,2026-05-17 13:17:38,2026-05-18 03:01:47.009483,2,2.6,Atrasada,A
OP-00339,MP-0099,Especiais,L03,1875,828,2026-05-17 18:34:32,2026-05-20 18:34:32,2026-05-21 04:28:13.534267,3,3.4,Atrasada,B
OP-00340,MP-0049,Estruturas,L06,1405,1836,2026-06-29 16:13:44,2026-07-04 16:13:44,2026-06-30 16:13:44.000000,5,1.0,Concluída,C
OP-00341,MP-0018,Perfis,L04,1133,305,2026-03-16 20:30:51,2026-03-23 20:30:51,2026-03-24 08:04:17.538034,7,7.5,Em andamento,C
OP-00342,MP-0029,Estruturas,L01,661,993,2026-03-09 19:33:31,2026-03-17 19:33:31,2026-03-17 05:38:21.322647,8,7.4,Concluída,C
OP-00343,MP-0093,Chapas,L02,993,753,2026-01-10 22:41:03,2026-01-16 22:41:03,2026-01-15 15:26:47.663860,6,4.7,Concluída,A
OP-00344,MP-0036,Fixadores,L01,1707,1397,2026-03-02 15:52:47,2026-03-05 15:52:47,2026-03-06 08:00:44.104133,3,3.7,Concluída,B
OP-00345,MP-0079,Especiais,L02,187,251,2026-06-30 01:16:38,2026-07-08 01:16:38,2026-07-10 22:47:23.160259,8,10.9,Concluída,C
OP-00346,MP-0005,Especiais,L06,1490,1831,2026-06-11 00:48:39,2026-06-16 00:48:39,2026-06-14 19:22:11.482808,5,3.8,Em andamento,A
OP-00347,MP-0032,Estruturas,L02,1594,1813,2026-02-22 02:50:05,2026-03-01 02:50:05,2026-03-02 16:03:16.019953,7,8.6,Em andamento,A
OP-00348,MP-0018,Perfis,L02,1720,1921,2026-02-20 22:15:43,2026-02-26 22:15:43,2026-02-27 08:52:55.126096,6,6.4,Concluída,C
OP-00349,MP-0074,Fixadores,L02,668,1839,2026-03-30 03:52:58,2026-04-03 03:52:58,2026-03-31 21:07:34.802745,4,1.7,Concluída,A
OP-00350,MP-0085,Tubos,L04,665,608,2026-04-17 18:50:01,2026-04-23 18:50:01,2026-04-22 13:51:09.574750,6,4.8,Concluída,A
OP-00351,MP-0072,Chapas,L05,1065,141,2026-05-19 19:22:36,2026-05-25 19:22:36,2026-05-28 05:04:49.581660,6,8.4,Atrasada,B
OP-00352,MP-0083,Tubos,L05,702,1471,2026-01-23 08:00:05,2026-01-30 08:00:05,2026-01-28 01:37:06.243779,7,4.7,Atrasada,B
OP-00353,MP-0053,Chapas,L04,543,1784,2026-03-28 05:58:52,2026-03-31 05:58:52,2026-03-30 22:54:16.731762,3,2.7,Em andamento,A
OP-00354,MP-0039,Perfis,L04,1923,163,2026-04-21 02:43:53,2026-04-29 02:43:53,2026-04-30 00:33:45.126688,8,8.9,Concluída,C
OP-00355,MP-0053,Chapas,L03,466,721,2026-04-21 12:33:41,2026-04-26 12:33:41,2026-04-25 18:28:52.461461,5,4.2,Concluída,C
OP-00356,MP-0011,Fixadores,L01,1146,1528,2026-01-16 10:15:41,2026-01-21 10:15:41,2026-01-21 03:27:25.700491,5,4.7,Concluída,A
OP-00357,MP-0007,Tubos,L01,435,1692,2026-02-21 08:47:29,2026-02-25 08:47:29,2026-02-23 21:37:38.743976,4,2.5,Concluída,C
OP-00358,MP-0093,Chapas,L02,1031,472,2026-02-18 07:37:35,2026-02-25 07:37:35,2026-02-26 17:50:42.624128,7,8.4,Em andamento,B
OP-00359,MP-0039,Perfis,L06,1594,1025,2026-02-26 01:04:35,2026-02-28 01:04:35,2026-02-28 06:37:52.825533,2,2.2,Concluída,A
OP-00360,MP-0090,Especiais,L04,1924,535,2026-04-24 21:02:56,2026-04-30 21:02:56,2026-05-01 19:45:05.297630,6,6.9,Concluída,C
OP-00361,MP-0042,Perfis,L03,585,781,2026-04-30 01:39:34,2026-05-08 01:39:34,2026-05-07 17:20:24.803715,8,7.7,Concluída,C
OP-00362,MP-0064,Fixadores,L06,1011,1604,2026-06-16 20:32:56,2026-06-21 20:32:56,2026-06-23 12:01:19.005367,5,6.6,Concluída,B
OP-00363,MP-0027,Perfis,L06,348,78,2026-01-17 22:40:17,2026-01-21 22:40:17,2026-01-21 18:25:47.611085,4,3.8,Concluída,B
OP-00364,MP-0071,Especiais,L06,905,649,2026-01-01 05:19:15,2026-01-07 05:19:15,2026-01-07 15:29:03.849922,6,6.4,Em andamento,A
OP-00365,MP-0026,Estruturas,L04,1177,1385,2026-04-15 07:30:44,2026-04-19 07:30:44,2026-04-19 13:22:01.606778,4,4.2,Concluída,C
OP-00366,MP-0044,Perfis,L06,1364,1559,2026-02-27 18:03:01,2026-03-03 18:03:01,2026-03-05 16:26:24.615433,4,5.9,Atrasada,B
OP-00367,MP-0059,Estruturas,L06,1169,1045,2026-03-10 05:50:51,2026-03-13 05:50:51,2026-03-13 02:13:24.516786,3,2.8,Concluída,A
OP-00368,MP-0070,Tubos,L05,119,1763,2026-04-17 12:02:43,2026-04-24 12:02:43,2026-04-23 02:41:47.008979,7,5.6,Concluída,A
OP-00369,MP-0086,Estruturas,L01,1498,354,2026-05-18 18:09:41,2026-05-20 18:09:41,2026-05-20 21:30:05.245933,2,2.1,Concluída,A
OP-00370,MP-0028,Perfis,L03,173,1310,2026-05-15 13:44:47,2026-05-21 13:44:47,2026-05-20 00:46:24.384699,6,4.5,Atrasada,C
OP-00371,MP-0086,Estruturas,L01,1139,1174,2026-03-26 18:40:13,2026-04-01 18:40:13,2026-04-03 15:45:26.366924,6,7.9,Concluída,B
OP-00372,MP-0002,Estruturas,L06,612,1142,2026-06-05 10:38:15,2026-06-07 10:38:15,2026-06-06 10:38:15.000000,2,1.0,Em andamento,B
OP-00373,MP-0003,Perfis,L01,1930,242,2026-03-26 14:38:03,2026-04-01 14:38:03,2026-04-02 11:28:02.615573,6,6.9,Concluída,C
OP-00374,MP-0020,Fixadores,L05,1128,561,2026-04-20 17:30:49,2026-04-23 17:30:49,2026-04-21 17:30:49.000000,3,1.0,Concluída,B
OP-00375,MP-0035,Perfis,L04,1207,543,2026-05-02 07:13:44,2026-05-10 07:13:44,2026-05-09 03:29:20.906626,8,6.8,Atrasada,C
OP-00376,MP-0029,Estruturas,L06,1807,1375,2026-02-02 20:51:08,2026-02-06 20:51:08,2026-02-07 17:50:41.241709,4,4.9,Concluída,A
OP-00377,MP-0012,Tubos,L06,69,1484,2026-03-20 23:40:22,2026-03-25 23:40:22,2026-03-24 14:31:44.264801,5,3.6,Concluída,A
OP-00378,MP-0011,Fixadores,L06,1656,723,2026-04-22 16:59:39,2026-04-27 16:59:39,2026-04-29 00:24:28.669030,5,6.3,Atrasada,C
OP-00379,MP-0013,Tubos,L04,605,140,2026-03-04 09:48:59,2026-03-10 09:48:59,2026-03-11 08:32:40.558412,6,6.9,Em andamento,A
OP-00380,MP-0088,Especiais,L05,1397,112,2026-04-26 11:14:27,2026-04-30 11:14:27,2026-04-29 22:35:15.973355,4,3.5,Em andamento,A
OP-00381,MP-0041,Estruturas,L01,662,377,2026-02-27 22:52:54,2026-03-01 22:52:54,2026-03-03 21:21:50.136370,2,3.9,Atrasada,C
OP-00382,MP-0031,Estruturas,L06,1886,1152,2026-06-27 10:14:37,2026-07-03 10:14:37,2026-07-02 22:45:55.081234,6,5.5,Atrasada,B
OP-00383,MP-0050,Especiais,L05,1576,753,2026-05-09 22:16:03,2026-05-17 22:16:03,2026-05-17 18:10:08.980613,8,7.8,Concluída,A
OP-00384,MP-0013,Tubos,L01,747,1284,2026-02-25 12:11:35,2026-03-02 12:11:35,2026-02-27 20:40:29.594792,5,2.4,Concluída,C
OP-00385,MP-0077,Estruturas,L04,1054,512,2026-01-30 09:11:30,2026-02-04 09:11:30,2026-02-05 16:35:03.686294,5,6.3,Concluída,B
OP-00386,MP-0071,Especiais,L02,1442,1244,2026-06-04 13:36:04,2026-06-09 13:36:04,2026-06-09 07:23:30.033327,5,4.7,Atrasada,C
OP-00387,MP-0049,Estruturas,L06,200,213,2026-05-15 08:43:55,2026-05-17 08:43:55,2026-05-17 12:54:50.775343,2,2.2,Concluída,B
OP-00388,MP-0020,Fixadores,L06,847,693,2026-02-18 21:28:35,2026-02-23 21:28:35,2026-02-22 15:38:39.204692,5,3.8,Concluída,B
OP-00389,MP-0014,Especiais,L03,259,316,2026-03-19 04:19:48,2026-03-21 04:19:48,2026-03-22 11:13:17.083215,2,3.3,Concluída,A
OP-00390,MP-0024,Perfis,L05,1186,1094,2026-05-10 01:38:25,2026-05-15 01:38:25,2026-05-15 02:38:56.437388,5,5.0,Atrasada,B
OP-00391,MP-0014,Especiais,L05,1656,709,2026-06-24 03:27:45,2026-06-26 03:27:45,2026-06-27 18:09:33.027044,2,3.6,Em andamento,B
OP-00392,MP-0002,Estruturas,L04,1645,218,2026-03-09 18:52:17,2026-03-13 18:52:17,2026-03-14 19:17:57.279181,4,5.0,Atrasada,C
OP-00393,MP-0072,Chapas,L02,334,595,2026-06-22 20:05:51,2026-06-25 20:05:51,2026-06-25 00:21:21.620685,3,2.2,Atrasada,B
OP-00394,MP-0035,Perfis,L01,392,935,2026-04-21 20:19:23,2026-04-26 20:19:23,2026-04-26 10:44:04.741444,5,4.6,Concluída,B
OP-00395,MP-0054,Perfis,L02,1526,1325,2026-02-12 07:31:08,2026-02-16 07:31:08,2026-02-15 17:11:09.063591,4,3.4,Concluída,B
OP-00396,MP-0077,Estruturas,L04,269,322,2026-07-02 12:17:52,2026-07-08 12:17:52,2026-07-08 13:43:21.091582,6,6.1,Concluída,B
OP-00397,MP-0001,Especiais,L04,735,926,2026-04-25 22:27:37,2026-04-30 22:27:37,2026-04-29 21:43:07.372973,5,4.0,Concluída,C
OP-00398,MP-0077,Estruturas,L03,1285,1985,2026-04-26 23:16:31,2026-04-29 23:16:31,2026-05-01 18:49:53.384057,3,4.8,Concluída,C
OP-00399,MP-0026,Estruturas,L03,1555,1468,2026-03-13 10:54:14,2026-03-18 10:54:14,2026-03-16 22:23:18.078632,5,3.5,Concluída,C
OP-00400,MP-0063,Especiais,L03,820,619,2026-03-25 18:32:06,2026-03-31 18:32:06,2026-04-04 08:07:10.964776,6,9.6,Concluída,B
OP-00401,MP-0047,Perfis,L02,1446,1617,2026-04-19 04:28:29,2026-04-21 04:28:29,2026-04-22 02:21:15.979033,2,2.9,Em andamento,C
OP-00402,MP-0004,Fixadores,L06,479,942,2026-03-14 01:46:03,2026-03-21 01:46:03,2026-03-20 15:49:00.135650,7,6.6,Atrasada,B
OP-00403,MP-0089,Perfis,L06,1072,330,2026-06-09 06:37:41,2026-06-11 06:37:41,2026-06-12 09:33:59.158112,2,3.1,Atrasada,C
OP-00404,MP-0039,Perfis,L06,365,1509,2026-02-21 17:27:42,2026-02-24 17:27:42,2026-02-22 17:27:42.000000,3,1.0,Concluída,B
OP-00405,MP-0049,Estruturas,L04,1144,1082,2026-04-28 23:55:22,2026-04-30 23:55:22,2026-04-29 23:55:22.000000,2,1.0,Em andamento,C
OP-00406,MP-0054,Perfis,L03,1486,1878,2026-02-19 01:22:12,2026-02-25 01:22:12,2026-02-25 16:39:29.061123,6,6.6,Concluída,C
OP-00407,MP-0077,Estruturas,L06,1411,772,2026-04-01 21:26:28,2026-04-08 21:26:28,2026-04-09 12:19:18.388745,7,7.6,Concluída,A
OP-00408,MP-0083,Tubos,L05,1371,1432,2026-06-16 08:10:19,2026-06-22 08:10:19,2026-06-21 23:17:44.929888,6,5.6,Concluída,C
OP-00409,MP-0052,Fixadores,L01,251,574,2026-01-24 16:07:48,2026-02-01 16:07:48,2026-01-31 08:37:56.405849,8,6.7,Concluída,A
OP-00410,MP-0066,Especiais,L05,1238,1453,2026-05-18 01:17:24,2026-05-25 01:17:24,2026-05-27 09:14:48.667573,7,9.3,Em andamento,C
OP-00411,MP-0029,Estruturas,L06,1074,353,2026-04-03 02:13:24,2026-04-08 02:13:24,2026-04-06 21:59:29.607950,5,3.8,Em andamento,B
OP-00412,MP-0004,Fixadores,L03,901,1930,2026-01-04 05:32:02,2026-01-09 05:32:02,2026-01-10 10:04:47.125081,5,6.2,Concluída,A
OP-00413,MP-0015,Especiais,L03,982,1651,2026-06-17 07:41:38,2026-06-25 07:41:38,2026-06-26 02:13:36.669513,8,8.8,Concluída,A
OP-00414,MP-0067,Fixadores,L04,249,942,2026-03-03 01:52:19,2026-03-08 01:52:19,2026-03-07 18:37:30.544033,5,4.7,Concluída,C
OP-00415,MP-0090,Especiais,L01,1789,747,2026-06-15 10:07:24,2026-06-20 10:07:24,2026-06-19 21:21:33.546185,5,4.5,Concluída,C
OP-00416,MP-0014,Especiais,L06,549,1101,2026-05-21 22:39:17,2026-05-28 22:39:17,2026-05-30 02:16:09.122668,7,8.2,Concluída,A
OP-00417,MP-0071,Especiais,L02,1683,874,2026-02-02 23:27:40,2026-02-05 23:27:40,2026-02-05 04:58:11.500893,3,2.2,Atrasada,C
OP-00418,MP-0024,Perfis,L04,109,1555,2026-02-24 01:16:48,2026-02-27 01:16:48,2026-02-28 10:25:32.036513,3,4.4,Atrasada,C
OP-00419,MP-0026,Estruturas,L02,620,1585,2026-05-25 20:15:42,2026-05-30 20:15:42,2026-05-29 14:21:57.384009,5,3.8,Concluída,C
OP-00420,MP-0009,Estruturas,L05,432,794,2026-02-10 06:49:14,2026-02-16 06:49:14,2026-02-15 11:15:44.835091,6,5.2,Concluída,B
OP-00421,MP-0026,Estruturas,L05,1358,686,2026-02-08 20:56:08,2026-02-13 20:56:08,2026-02-15 13:25:01.404299,5,6.7,Atrasada,C
OP-00422,MP-0050,Especiais,L05,283,757,2026-05-11 15:52:41,2026-05-17 15:52:41,2026-05-19 03:05:51.387412,6,7.5,Atrasada,B
OP-00423,MP-0059,Estruturas,L05,1258,218,2026-06-14 05:44:06,2026-06-20 05:44:06,2026-06-21 06:56:03.246385,6,7.0,Concluída,C
OP-00424,MP-0018,Perfis,L02,675,284,2026-02-06 23:32:45,2026-02-10 23:32:45,2026-02-12 23:09:31.708825,4,6.0,Concluída,A
OP-00425,MP-0048,Especiais,L02,1227,830,2026-05-01 01:00:43,2026-05-08 01:00:43,2026-05-08 23:32:02.971901,7,7.9,Em andamento,B
OP-00426,MP-0024,Perfis,L06,1932,1366,2026-06-27 17:04:58,2026-07-02 17:04:58,2026-07-03 20:47:08.025521,5,6.2,Em andamento,A
OP-00427,MP-0072,Chapas,L04,1318,154,2026-04-11 20:42:04,2026-04-14 20:42:04,2026-04-14 00:56:54.242507,3,2.2,Concluída,B
OP-00428,MP-0002,Estruturas,L02,1719,831,2026-03-11 12:23:12,2026-03-16 12:23:12,2026-03-16 13:40:26.444004,5,5.1,Concluída,C
OP-00429,MP-0065,Chapas,L06,1770,954,2026-01-28 11:51:06,2026-02-04 11:51:06,2026-02-02 05:10:55.900307,7,4.7,Atrasada,B
OP-00430,MP-0022,Perfis,L01,1679,1603,2026-05-29 03:09:02,2026-05-31 03:09:02,2026-05-31 04:52:44.329557,2,2.1,Em andamento,A
OP-00431,MP-0038,Especiais,L04,1208,1565,2026-06-15 14:56:01,2026-06-17 14:56:01,2026-06-17 07:58:46.740424,2,1.7,Concluída,B
OP-00432,MP-0071,Especiais,L05,283,593,2026-05-11 18:58:11,2026-05-17 18:58:11,2026-05-19 15:08:22.027546,6,7.8,Concluída,C
OP-00433,MP-0047,Perfis,L05,497,915,2026-02-02 16:21:42,2026-02-08 16:21:42,2026-02-08 20:59:08.759043,6,6.2,Atrasada,A
OP-00434,MP-0095,Perfis,L03,1841,111,2026-04-20 10:38:23,2026-04-28 10:38:23,2026-04-28 01:13:02.598525,8,7.6,Concluída,B
OP-00435,MP-0034,Especiais,L02,479,1705,2026-01-22 23:38:23,2026-01-26 23:38:23,2026-01-27 09:35:31.239156,4,4.4,Concluída,C
OP-00436,MP-0076,Estruturas,L06,1299,1340,2026-03-07 13:06:25,2026-03-14 13:06:25,2026-03-14 01:24:34.849497,7,6.5,Concluída,B
OP-00437,MP-0022,Perfis,L01,1217,763,2026-03-28 02:24:16,2026-04-03 02:24:16,2026-04-03 18:06:27.504677,6,6.7,Concluída,C
OP-00438,MP-0036,Fixadores,L02,712,1486,2026-05-09 10:18:42,2026-05-15 10:18:42,2026-05-16 05:06:31.911802,6,6.8,Em andamento,B
OP-00439,MP-0038,Especiais,L02,1586,1654,2026-06-12 13:15:34,2026-06-18 13:15:34,2026-06-18 05:31:24.908469,6,5.7,Concluída,B
OP-00440,MP-0008,Tubos,L06,1823,316,2026-04-16 02:00:01,2026-04-20 02:00:01,2026-04-23 00:42:35.926690,4,6.9,Concluída,A
OP-00441,MP-0019,Estruturas,L04,341,1227,2026-04-08 09:18:43,2026-04-15 09:18:43,2026-04-14 21:25:42.634892,7,6.5,Atrasada,C
OP-00442,MP-0035,Perfis,L04,975,199,2026-01-23 07:09:29,2026-01-30 07:09:29,2026-01-31 07:34:17.589382,7,8.0,Atrasada,C
OP-00443,MP-0099,Especiais,L04,1996,1044,2026-01-24 08:17:42,2026-01-26 08:17:42,2026-01-25 08:17:42.000000,2,1.0,Concluída,B
OP-00444,MP-0075,Tubos,L06,988,1345,2026-03-30 18:17:48,2026-04-01 18:17:48,2026-04-03 04:38:48.391685,2,3.4,Concluída,C
OP-00445,MP-0090,Especiais,L02,929,1734,2026-06-03 13:56:38,2026-06-07 13:56:38,2026-06-09 03:41:22.701631,4,5.6,Atrasada,A
OP-00446,MP-0064,Fixadores,L03,741,1165,2026-06-06 01:21:15,2026-06-10 01:21:15,2026-06-07 21:28:28.055346,4,1.8,Concluída,C
OP-00447,MP-0017,Chapas,L01,253,1327,2026-03-08 19:29:57,2026-03-14 19:29:57,2026-03-16 09:33:49.602322,6,7.6,Concluída,B
OP-00448,MP-0003,Perfis,L04,984,46,2026-05-31 13:48:01,2026-06-02 13:48:01,2026-06-01 13:48:01.000000,2,1.0,Concluída,B
OP-00449,MP-0026,Estruturas,L02,1840,1955,2026-05-11 17:55:56,2026-05-18 17:55:56,2026-05-21 08:38:30.858002,7,9.6,Concluída,B
OP-00450,MP-0012,Tubos,L03,218,806,2026-06-19 08:25:40,2026-06-26 08:25:40,2026-06-24 16:18:09.325702,7,5.3,Concluída,C
OP-00451,MP-0084,Tubos,L04,1392,231,2026-05-31 03:21:25,2026-06-03 03:21:25,2026-06-05 03:10:18.254952,3,5.0,Concluída,C
OP-00452,MP-0013,Tubos,L04,209,316,2026-03-07 17:13:25,2026-03-09 17:13:25,2026-03-10 09:21:19.494588,2,2.7,Concluída,C
OP-00453,MP-0029,Estruturas,L01,1811,909,2026-01-21 05:49:33,2026-01-27 05:49:33,2026-01-27 03:43:53.310963,6,5.9,Concluída,C
OP-00454,MP-0017,Chapas,L02,834,227,2026-03-18 07:17:39,2026-03-23 07:17:39,2026-03-23 02:50:40.858348,5,4.8,Concluída,C
OP-00455,MP-0014,Especiais,L04,1634,1710,2026-05-07 12:40:22,2026-05-09 12:40:22,2026-05-08 12:40:22.000000,2,1.0,Concluída,A
OP-00456,MP-0083,Tubos,L01,1136,1198,2026-07-01 10:41:03,2026-07-08 10:41:03,2026-07-11 07:09:17.070797,7,9.9,Concluída,A
OP-00457,MP-0079,Especiais,L06,1582,355,2026-04-18 09:38:17,2026-04-25 09:38:17,2026-04-26 02:50:37.251048,7,7.7,Concluída,B
OP-00458,MP-0079,Especiais,L02,227,1881,2026-04-28 21:10:48,2026-05-05 21:10:48,2026-05-07 01:54:28.698656,7,8.2,Atrasada,A
OP-00459,MP-0018,Perfis,L04,694,1665,2026-06-07 07:14:17,2026-06-15 07:14:17,2026-06-17 00:54:22.242441,8,9.7,Concluída,A
OP-00460,MP-0032,Estruturas,L02,1183,1275,2026-05-30 13:11:25,2026-06-03 13:11:25,2026-06-05 05:54:16.175202,4,5.7,Concluída,C
OP-00461,MP-0093,Chapas,L06,1843,662,2026-05-17 22:40:44,2026-05-23 22:40:44,2026-05-23 04:01:15.210244,6,5.2,Concluída,A
OP-00462,MP-0067,Fixadores,L02,1581,847,2026-04-18 11:27:34,2026-04-24 11:27:34,2026-04-27 23:07:33.777021,6,9.5,Em andamento,B
OP-00463,MP-0083,Tubos,L04,840,275,2026-05-14 09:12:11,2026-05-16 09:12:11,2026-05-16 22:41:14.509935,2,2.6,Concluída,A
OP-00464,MP-0064,Fixadores,L01,1131,1865,2026-01-16 06:00:30,2026-01-23 06:00:30,2026-01-20 15:28:29.686606,7,4.4,Em andamento,A
OP-00465,MP-0047,Perfis,L04,798,1163,2026-02-20 21:26:28,2026-02-24 21:26:28,2026-02-26 21:43:42.575701,4,6.0,Em andamento,C
OP-00466,MP-0023,Fixadores,L01,84,1247,2026-04-26 02:24:19,2026-05-04 02:24:19,2026-05-06 07:07:38.153936,8,10.2,Atrasada,A
OP-00467,MP-0002,Estruturas,L05,636,1332,2026-05-16 08:33:22,2026-05-20 08:33:22,2026-05-21 01:56:57.825841,4,4.7,Atrasada,C
OP-00468,MP-0065,Chapas,L04,1487,868,2026-04-18 04:53:53,2026-04-26 04:53:53,2026-04-29 12:27:13.490511,8,11.3,Atrasada,A
OP-00469,MP-0082,Chapas,L03,211,1092,2026-06-06 17:21:56,2026-06-12 17:21:56,2026-06-11 21:13:12.104777,6,5.2,Concluída,A
OP-00470,MP-0020,Fixadores,L04,1251,1344,2026-03-08 23:13:52,2026-03-14 23:13:52,2026-03-14 18:22:25.661497,6,5.8,Concluída,C
OP-00471,MP-0088,Especiais,L01,550,221,2026-05-08 03:24:28,2026-05-15 03:24:28,2026-05-17 06:25:34.414251,7,9.1,Concluída,B
OP-00472,MP-0015,Especiais,L05,162,678,2026-02-02 21:32:52,2026-02-07 21:32:52,2026-02-08 20:03:04.016848,5,5.9,Em andamento,C
OP-00473,MP-0095,Perfis,L06,73,380,2026-06-06 12:19:44,2026-06-13 12:19:44,2026-06-13 11:15:49.342597,7,7.0,Concluída,B
OP-00474,MP-0045,Perfis,L06,580,386,2026-05-07 20:42:47,2026-05-13 20:42:47,2026-05-13 02:35:11.659198,6,5.2,Em andamento,B
OP-00475,MP-0017,Chapas,L01,736,1697,2026-03-11 18:03:36,2026-03-18 18:03:36,2026-03-18 23:35:41.497712,7,7.2,Concluída,B
OP-00476,MP-0035,Perfis,L03,1508,1225,2026-02-14 00:45:41,2026-02-20 00:45:41,2026-02-18 20:49:12.570393,6,4.8,Concluída,C
OP-00477,MP-0010,Estruturas,L05,391,798,2026-01-02 15:14:37,2026-01-07 15:14:37,2026-01-06 06:33:49.730615,5,3.6,Atrasada,A
OP-00478,MP-0033,Perfis,L05,1430,1525,2026-06-12 05:47:50,2026-06-20 05:47:50,2026-06-20 15:14:51.211433,8,8.4,Concluída,A
OP-00479,MP-0030,Chapas,L02,144,1011,2026-01-20 06:05:50,2026-01-27 06:05:50,2026-01-26 19:18:33.789225,7,6.6,Concluída,B
OP-00480,MP-0050,Especiais,L01,1182,1689,2026-05-24 08:27:21,2026-05-27 08:27:21,2026-05-27 07:51:25.385131,3,3.0,Concluída,C
OP-00481,MP-0095,Perfis,L06,705,600,2026-04-25 11:35:35,2026-05-02 11:35:35,2026-05-01 07:51:08.876160,7,5.8,Atrasada,A
OP-00482,MP-0074,Fixadores,L05,1428,1892,2026-05-31 05:52:07,2026-06-04 05:52:07,2026-06-04 21:15:45.348057,4,4.6,Concluída,A
OP-00483,MP-0023,Fixadores,L01,1846,997,2026-03-22 22:08:22,2026-03-25 22:08:22,2026-03-27 08:10:10.453809,3,4.4,Atrasada,B
OP-00484,MP-0100,Tubos,L03,226,1177,2026-02-22 06:16:57,2026-03-02 06:16:57,2026-02-26 06:30:43.924661,8,4.0,Concluída,B
OP-00485,MP-0002,Estruturas,L06,1325,541,2026-01-16 03:18:05,2026-01-20 03:18:05,2026-01-20 17:26:43.749267,4,4.6,Concluída,B
OP-00486,MP-0048,Especiais,L02,1550,1889,2026-05-29 01:53:04,2026-06-04 01:53:04,2026-06-05 22:02:53.990370,6,7.8,Atrasada,C
OP-00487,MP-0098,Perfis,L01,527,1154,2026-03-23 04:23:11,2026-03-31 04:23:11,2026-03-31 04:30:39.819995,8,8.0,Atrasada,B
OP-00488,MP-0082,Chapas,L03,52,1599,2026-03-14 19:25:36,2026-03-22 19:25:36,2026-03-22 23:29:49.756578,8,8.2,Concluída,C
OP-00489,MP-0049,Estruturas,L05,537,904,2026-06-19 08:48:50,2026-06-27 08:48:50,2026-06-27 06:30:18.493808,8,7.9,Concluída,B
OP-00490,MP-0008,Tubos,L01,139,1931,2026-02-06 21:29:23,2026-02-09 21:29:23,2026-02-08 14:42:51.152541,3,1.7,Concluída,A
OP-00491,MP-0067,Fixadores,L05,245,1080,2026-01-20 22:22:56,2026-01-25 22:22:56,2026-01-25 11:49:06.806135,5,4.6,Concluída,A
OP-00492,MP-0082,Chapas,L01,1262,1207,2026-05-04 15:55:17,2026-05-12 15:55:17,2026-05-11 06:48:40.683702,8,6.6,Atrasada,A
OP-00493,MP-0056,Fixadores,L03,1946,1685,2026-01-07 23:48:58,2026-01-14 23:48:58,2026-01-16 01:36:51.459900,7,8.1,Concluída,B
OP-00494,MP-0090,Especiais,L03,977,601,2026-02-23 06:43:24,2026-03-03 06:43:24,2026-03-03 00:49:24.830935,8,7.8,Concluída,A
OP-00495,MP-0010,Estruturas,L02,266,381,2026-04-27 16:41:02,2026-04-30 16:41:02,2026-05-02 09:11:04.712259,3,4.7,Concluída,B
OP-00496,MP-0060,Perfis,L01,1147,778,2026-06-02 01:53:34,2026-06-06 01:53:34,2026-06-08 00:29:02.398925,4,5.9,Atrasada,A
OP-00497,MP-0058,Estruturas,L02,1703,1450,2026-01-21 01:27:14,2026-01-25 01:27:14,2026-01-22 04:52:55.188447,4,1.1,Concluída,B
OP-00498,MP-0091,Estruturas,L01,490,1756,2026-04-22 17:31:30,2026-04-29 17:31:30,2026-04-30 09:36:08.510629,7,7.7,Em andamento,B
OP-00499,MP-0019,Estruturas,L05,150,1431,2026-05-21 03:38:30,2026-05-23 03:38:30,2026-05-22 04:46:33.470467,2,1.0,Atrasada,B
OP-00500,MP-0034,Especiais,L01,1999,873,2026-03-24 09:36:52,2026-04-01 09:36:52,2026-03-28 13:47:28.904338,8,4.2,Concluída,B
